ip_split1,ip_split2,ip_split3,ip_split4
4,7,2,130
4,7,4,214
4,7,5,146
4,7,160,233
4,14,4,26
4,14,152,230
4,15,214,210
4,16,131,154
4,28,131,162
4,35,92,182
4,53,85,70
4,53,94,173
8,10,66,182
8,11,249,218
8,11,252,154
8,12,98,26
8,44,210,11
12,1,50,10
12,89,59,66
12,118,100,6
12,180,136,114
12,190,176,114
12,190,177,130
12,220,98,200
12,220,100,74
12,251,247,106
23,105,149,146
23,215,131,85
23,215,131,77
23,246,64,35
23,246,64,66
23,246,64,170
23,246,66,42
23,246,66,58
23,246,67,142
23,246,77,106
23,246,79,18
23,246,80,194
23,246,81,2
23,246,84,38
23,246,84,54
23,246,85,102
23,246,86,230
23,246,89,182
23,246,90,238
23,246,96,146
23,246,100,58
23,246,102,133
23,246,110,194
23,246,114,142
23,246,114,166
23,246,115,186
23,246,121,18
23,246,122,138
23,246,125,10
24,30,224,34
24,30,225,2
24,30,229,210
24,30,230,14
24,30,232,162
24,30,233,234
24,39,106,142
24,39,112,182
24,39,115,18
24,39,116,70
24,39,118,250
24,39,119,154
24,39,127,11
24,39,127,210
24,39,128,126
24,39,128,186
24,39,136,162
24,39,137,102
24,39,141,18
24,39,142,26
24,39,142,186
24,39,143,194
24,39,144,250
24,39,147,58
24,39,147,202
24,39,150,82
24,39,150,131
24,39,152,30
24,39,155,70
24,39,157,134
24,39,159,234
24,89,174,18
24,90,82,180
24,90,82,169
24,90,82,208
24,90,82,81
24,90,82,224
24,90,82,212
24,90,82,84
24,90,82,59
24,90,82,228
24,90,82,7
24,90,82,19
24,90,82,55
24,90,82,141
24,90,82,113
24,90,82,10
24,90,82,186
24,90,84,252
24,90,84,234
24,90,84,247
24,90,84,32
24,90,84,111
24,90,84,36
24,90,84,153
24,90,84,177
24,90,84,17
24,90,84,77
24,90,84,54
24,90,84,239
24,90,84,236
24,90,84,249
24,90,84,232
24,90,84,116
24,90,84,63
24,90,84,128
24,90,84,139
24,90,98,253
24,90,98,208
24,90,98,216
24,90,98,161
24,90,98,118
24,90,98,50
24,90,98,54
24,90,98,170
24,90,98,203
24,90,98,188
24,90,98,146
24,90,98,39
24,90,98,245
24,90,98,225
24,90,98,179
24,90,98,213
24,90,98,59
24,90,98,205
24,90,98,199
24,90,99,101
24,90,99,24
24,90,99,222
24,90,99,44
24,90,99,20
24,90,99,56
24,90,99,111
24,90,99,66
24,90,99,28
24,90,99,158
24,90,99,179
24,90,99,194
24,90,99,254
24,90,99,113
24,90,99,241
24,90,99,247
24,90,99,215
24,90,99,172
24,90,99,251
24,90,102,51
24,90,102,48
24,90,102,160
24,90,102,97
24,90,102,210
24,90,102,167
24,90,102,77
24,90,102,17
24,90,102,46
24,90,102,187
24,90,102,217
24,90,102,196
24,90,102,175
24,90,102,177
24,90,102,71
24,90,102,75
24,90,102,240
24,90,102,126
24,90,102,236
24,90,102,62
24,90,103,217
24,90,103,239
24,90,103,96
24,90,103,32
24,90,103,210
24,90,103,254
24,90,103,102
24,90,103,82
24,90,103,88
24,90,103,120
24,90,103,119
24,90,103,62
24,90,103,104
24,90,103,68
24,90,103,127
24,90,103,175
24,90,103,137
24,90,103,236
24,90,103,27
24,90,107,159
24,90,107,110
24,90,107,26
24,90,107,148
24,90,107,252
24,90,107,239
24,90,107,141
24,90,107,169
24,90,107,231
24,90,107,37
24,90,107,203
24,90,107,99
24,90,107,170
24,90,107,73
24,90,107,142
24,90,107,249
24,90,107,34
24,90,107,58
24,90,107,69
24,90,139,149
24,90,139,2
24,90,139,238
24,90,139,135
24,90,139,53
24,90,139,174
24,90,139,61
24,90,139,1
24,90,139,179
24,90,139,14
24,90,139,91
24,90,139,153
24,90,139,129
24,90,139,156
24,90,139,87
24,90,139,66
24,90,139,195
24,90,139,118
24,90,141,31
24,90,141,22
24,90,141,230
24,90,141,199
24,90,141,122
24,90,141,214
24,90,141,162
24,90,141,130
24,90,141,36
24,90,141,154
24,90,141,7
24,90,141,69
24,90,141,161
24,90,141,125
24,90,141,193
24,90,141,224
24,90,141,173
24,90,141,68
24,90,141,119
24,90,141,233
24,90,141,170
24,90,208,148
24,90,208,160
24,90,208,36
24,90,208,70
24,90,208,101
24,90,208,49
24,90,208,194
24,90,208,13
24,90,208,67
24,90,208,95
24,90,208,8
24,90,208,121
24,90,208,106
24,90,208,174
24,90,208,38
24,90,208,239
24,90,208,56
24,90,208,39
24,90,208,6
24,90,208,111
24,90,208,169
24,90,208,139
24,90,208,206
24,90,208,204
24,90,208,92
24,90,211,254
24,90,211,13
24,90,211,112
24,90,211,149
24,90,211,109
24,90,211,188
24,90,211,253
24,90,211,21
24,90,211,59
24,90,211,38
24,90,211,194
24,90,211,213
24,90,211,20
24,90,211,7
24,90,211,98
24,90,211,104
24,90,211,78
24,90,211,11
24,90,211,195
24,90,211,95
24,90,231,70
24,90,231,80
24,90,231,3
24,90,231,68
24,90,231,112
24,90,231,191
24,90,231,61
24,90,231,100
24,90,231,244
24,90,231,212
24,90,231,42
24,90,231,45
24,90,231,131
24,90,231,227
24,90,231,34
24,90,231,198
24,90,231,193
24,90,231,196
24,90,231,117
24,90,231,101
24,90,231,208
24,90,231,178
24,90,231,182
24,90,231,169
24,90,231,246
24,90,235,248
24,90,235,97
24,90,235,105
24,90,235,42
24,90,235,9
24,90,235,16
24,90,235,202
24,90,235,117
24,90,235,98
24,90,235,158
24,90,235,38
24,90,235,221
24,90,235,220
24,90,235,133
24,90,235,175
24,90,235,145
24,90,235,210
24,90,235,161
24,90,235,13
24,90,235,37
24,90,235,163
24,90,235,211
24,90,235,243
24,90,235,35
24,90,235,241
24,90,235,121
24,90,236,79
24,90,236,237
24,90,236,201
24,90,236,7
24,90,236,192
24,90,236,98
24,90,236,139
24,90,236,208
24,90,236,134
24,90,236,73
24,90,236,34
24,90,236,197
24,90,236,82
24,90,236,190
24,90,236,203
24,90,236,101
24,90,236,210
24,90,236,168
24,90,236,186
24,90,253,147
24,97,127,162
24,97,185,146
24,97,203,214
24,97,203,236
24,97,204,107
24,103,1,82
24,103,1,198
24,103,1,206
24,103,1,211
24,103,1,254
24,103,3,18
24,103,4,50
24,103,5,130
24,103,7,170
24,103,7,182
24,103,7,187
24,103,8,190
24,103,11,38
24,103,11,162
24,103,13,142
24,103,15,62
24,103,15,66
24,103,22,62
24,103,22,91
24,103,24,142
24,103,25,98
24,103,25,206
24,103,26,190
24,103,31,22
24,103,31,94
24,103,32,134
24,103,35,98
24,103,41,140
24,103,42,52
24,103,44,138
24,103,47,122
24,103,47,226
24,103,51,58
24,103,57,14
24,103,59,238
24,103,63,194
24,103,66,34
24,103,69,90
24,103,69,254
24,103,72,162
24,103,73,74
24,103,73,110
24,103,75,226
24,103,83,235
24,103,84,70
24,103,88,138
24,103,89,93
24,103,89,130
24,103,90,98
24,103,90,146
24,103,91,82
24,103,92,242
24,103,98,162
24,103,99,238
24,103,105,46
24,103,108,130
24,103,108,186
24,103,109,243
24,103,116,202
24,103,121,155
24,103,228,70
24,103,229,70
24,103,231,250
24,103,234,130
24,103,234,218
24,103,238,189
24,103,243,14
24,103,245,67
24,103,246,118
24,103,254,34
24,103,254,163
24,104,242,197
24,104,242,174
24,104,242,97
24,104,242,22
24,104,242,49
24,104,242,4
24,104,242,164
24,104,242,145
24,104,242,167
24,104,242,251
24,104,242,85
24,104,242,192
24,104,242,45
24,104,242,74
24,104,242,159
24,104,242,154
24,104,242,201
24,104,242,151
24,104,242,193
24,104,242,131
24,104,242,156
24,104,242,146
24,104,243,205
24,104,243,72
24,104,243,161
24,104,243,241
24,104,243,29
24,104,243,14
24,104,243,85
24,104,243,148
24,104,243,86
24,104,243,67
24,104,243,65
24,104,243,28
24,104,243,70
24,104,243,213
24,104,243,212
24,104,243,109
24,104,243,119
24,104,243,165
24,104,246,223
24,104,246,128
24,104,246,123
24,104,246,211
24,104,246,21
24,104,246,17
24,104,246,92
24,104,246,133
24,104,246,53
24,104,246,94
24,104,246,127
24,104,246,82
24,104,246,30
24,104,246,40
24,104,246,162
24,104,246,64
24,104,246,207
24,104,246,151
24,104,246,230
24,104,246,226
24,104,246,237
24,104,246,27
24,104,246,105
24,104,246,165
24,104,247,70
24,104,247,85
24,104,247,210
24,104,247,204
24,104,247,132
24,104,247,72
24,104,247,125
24,104,247,151
24,104,247,110
24,104,247,241
24,104,247,45
24,104,247,138
24,104,247,140
24,104,247,53
24,104,247,74
24,104,247,216
24,104,247,118
24,104,247,232
24,104,247,163
24,104,247,135
24,104,247,164
24,104,247,152
24,104,247,73
24,104,247,54
24,104,247,49
24,104,247,147
24,104,247,15
24,104,247,255
24,104,247,244
24,104,247,215
24,104,251,189
24,104,251,250
24,104,251,221
24,104,251,251
24,104,251,255
24,104,251,43
24,104,251,188
24,104,251,168
24,104,251,64
24,104,251,133
24,104,251,226
24,104,251,214
24,104,251,150
24,104,251,146
24,104,251,107
24,104,251,126
24,104,251,45
24,104,251,70
24,104,251,99
24,104,251,7
24,104,251,120
24,104,251,200
24,104,251,85
24,104,251,57
24,104,251,9
24,104,251,249
24,104,251,39
24,104,251,215
24,104,254,14
24,104,254,53
24,104,254,172
24,104,254,159
24,104,254,238
24,104,254,153
24,104,254,144
24,104,254,155
24,104,254,33
24,104,254,74
24,104,254,138
24,104,254,9
24,104,254,227
24,104,254,24
24,104,254,96
24,104,254,211
24,104,254,46
24,104,254,39
24,104,254,57
24,104,254,121
24,104,254,146
24,104,254,183
24,104,254,154
24,104,254,193
24,104,254,49
24,104,254,73
24,104,254,184
24,104,254,220
24,104,254,126
24,104,254,78
24,104,254,15
24,104,254,35
24,104,254,215
24,104,254,166
24,104,254,48
24,104,254,158
24,104,254,108
24,104,254,150
24,104,255,34
24,104,255,104
24,104,255,183
24,104,255,55
24,104,255,192
24,104,255,103
24,104,255,85
24,104,255,93
24,104,255,159
24,104,255,10
24,104,255,54
24,104,255,253
24,104,255,129
24,104,255,144
24,104,255,229
24,104,255,79
24,104,255,217
24,104,255,236
24,104,255,124
24,104,255,130
24,104,255,97
24,104,255,136
24,104,255,186
24,104,255,123
24,104,255,98
24,104,255,107
24,104,255,143
24,104,255,121
24,105,129,74
24,105,131,58
24,105,135,18
24,105,136,195
24,105,136,222
24,105,139,118
24,105,140,66
24,105,147,114
24,105,149,190
24,105,150,98
24,105,150,154
24,105,156,34
24,105,158,166
24,105,158,170
24,136,102,254
24,136,103,202
24,136,106,50
24,136,109,186
24,136,112,14
24,136,112,130
24,136,113,210
24,136,115,14
24,136,116,106
24,136,117,51
24,136,120,186
24,136,125,142
24,136,126,51
24,157,50,218
24,157,52,162
24,164,137,171
24,164,137,66
24,164,137,231
24,164,137,192
24,164,137,52
24,164,137,228
24,164,137,31
24,164,137,213
24,164,137,215
24,164,137,7
24,164,137,98
24,164,137,8
24,164,137,0
24,164,137,128
24,164,137,139
24,164,137,245
24,164,137,205
24,164,137,29
24,164,137,142
24,164,137,65
24,164,137,47
24,164,137,116
24,164,137,100
24,164,141,122
24,164,141,222
24,164,141,35
24,164,141,125
24,164,141,235
24,164,141,80
24,164,141,204
24,164,141,228
24,164,141,177
24,164,141,121
24,164,141,9
24,164,141,225
24,164,141,232
24,164,141,196
24,164,141,255
24,164,141,237
24,164,143,215
24,164,143,172
24,164,143,127
24,164,143,60
24,164,143,36
24,164,143,178
24,164,143,40
24,164,143,150
24,164,143,254
24,164,143,226
24,164,143,126
24,164,143,186
24,164,143,177
24,164,143,246
24,164,143,169
24,164,143,166
24,164,143,193
24,164,143,43
24,168,64,222
24,168,64,189
24,168,64,83
24,168,84,89
24,168,84,73
24,168,84,106
24,168,84,170
24,168,84,209
24,168,84,2
24,168,84,146
24,168,84,69
24,168,84,158
24,168,84,65
24,168,84,157
24,168,84,243
24,168,121,153
24,168,124,234
24,187,227,10
24,187,247,74
24,193,9,243
24,193,9,70
24,193,9,164
24,193,9,246
24,193,9,226
24,193,9,207
24,193,11,135
24,193,11,19
24,193,11,205
24,193,11,243
24,193,11,175
24,193,11,184
24,193,11,2
24,193,11,35
24,193,11,139
24,193,11,212
24,193,11,40
24,193,11,203
24,193,11,86
24,193,11,70
24,193,11,48
24,193,12,54
24,193,12,112
24,193,12,227
24,193,12,36
24,193,12,48
24,193,12,140
24,193,12,124
24,193,12,94
24,193,12,80
24,193,12,97
24,193,15,179
24,193,15,130
24,193,15,66
24,193,15,39
24,193,15,134
24,193,15,220
24,193,15,224
24,193,15,124
24,193,15,121
24,193,15,195
24,193,15,96
24,193,32,125
24,193,32,31
24,193,32,97
24,193,32,70
24,193,32,169
24,193,32,163
24,193,32,100
24,193,32,204
24,193,32,112
24,193,32,50
24,193,32,36
24,193,32,182
24,193,32,68
24,193,32,250
24,193,32,96
24,193,32,200
24,193,35,123
24,193,35,142
24,193,35,198
24,193,35,99
24,193,35,231
24,193,35,128
24,193,35,6
24,193,35,220
24,193,35,249
24,193,35,115
24,193,35,74
24,193,35,44
24,193,35,154
24,193,35,111
24,193,35,68
24,193,35,216
24,193,35,228
24,193,53,178
24,193,53,155
24,193,53,224
24,193,53,144
24,193,53,146
24,193,53,237
24,193,53,188
24,193,53,122
24,193,53,110
24,193,53,109
24,193,53,70
24,193,53,143
24,193,53,44
24,193,53,130
24,193,53,95
24,193,53,153
24,193,53,238
24,193,53,202
24,193,53,241
24,193,53,220
24,193,53,45
24,193,53,101
24,193,53,73
24,193,55,123
24,193,77,60
24,193,161,245
24,193,161,75
24,193,161,178
24,193,161,236
24,193,161,255
24,193,161,198
24,193,161,187
24,193,161,110
24,193,161,46
24,193,161,96
24,193,161,247
24,193,161,132
24,193,161,244
24,193,161,221
24,193,161,9
24,193,161,117
24,193,161,216
24,193,161,0
24,193,161,92
24,193,161,109
24,193,161,67
24,193,161,31
24,193,161,188
24,193,161,123
24,193,161,8
24,193,161,14
24,193,167,66
24,193,167,146
24,193,167,69
24,193,167,170
24,193,167,55
24,193,167,139
24,193,167,184
24,193,167,53
24,193,192,11
24,193,195,67
24,193,195,66
24,193,210,215
24,193,218,157
24,193,218,164
24,193,218,107
24,193,218,95
24,193,218,113
24,193,218,74
24,193,218,196
24,193,218,148
24,193,218,52
24,193,218,153
24,193,218,242
24,193,218,100
24,193,218,98
24,193,218,229
24,193,218,136
24,193,218,65
24,193,218,120
24,193,218,96
24,193,218,28
24,193,218,255
24,193,218,46
24,193,218,78
24,193,218,2
24,193,218,133
24,193,218,228
24,193,218,77
24,193,218,38
24,193,218,220
24,193,218,209
24,193,218,54
24,193,218,99
24,193,218,170
24,193,218,37
24,193,218,41
24,193,218,207
24,193,218,194
24,193,235,105
24,193,235,170
24,193,235,52
24,193,235,177
24,193,235,30
24,193,235,135
24,193,235,87
24,193,235,120
24,193,235,208
24,193,235,224
24,193,235,187
24,193,235,108
24,193,235,248
24,193,235,36
24,193,235,0
24,193,235,51
24,193,235,45
24,193,235,26
24,193,235,95
24,193,235,59
24,193,235,128
24,193,235,1
24,193,235,112
24,193,235,23
24,193,235,228
24,193,235,39
24,193,235,114
24,193,235,56
24,193,235,42
24,193,235,96
24,193,235,166
24,193,236,63
24,193,236,34
24,193,236,13
24,193,236,175
24,193,236,27
24,193,236,109
24,193,236,83
24,193,236,113
24,193,236,106
24,193,236,235
24,193,236,104
24,193,236,154
24,193,236,62
24,193,236,204
24,193,236,247
24,193,236,52
24,193,236,242
24,193,236,95
24,193,236,49
24,193,236,1
24,193,236,224
24,193,236,245
24,193,236,145
24,193,236,151
24,193,236,98
24,193,236,89
24,193,236,84
24,193,236,90
24,193,236,177
24,193,236,200
24,193,236,219
24,193,236,86
24,193,236,81
24,193,236,16
24,193,236,226
24,193,236,25
24,193,236,11
24,193,236,166
24,193,237,89
24,193,237,62
24,193,237,98
24,193,237,112
24,193,237,234
24,193,237,170
24,193,237,181
24,193,237,175
24,193,237,126
24,193,237,57
24,193,237,111
24,193,237,38
24,193,237,102
24,193,237,65
24,193,237,91
24,193,237,164
24,193,237,68
24,193,237,210
24,193,237,219
24,193,237,83
24,193,237,94
24,193,237,34
24,193,237,174
24,193,237,26
24,193,237,157
24,193,237,100
24,193,237,250
24,193,237,4
24,193,237,47
24,193,237,75
24,193,237,241
24,193,237,53
24,193,237,253
24,193,237,25
24,193,237,160
24,193,237,254
24,213,160,18
24,213,163,114
24,213,170,178
24,213,178,30
24,213,178,58
24,213,178,174
24,213,182,186
24,246,102,82
24,246,117,212
37,72,175,119
38,86,167,146
38,88,4,82
38,88,8,62
38,88,62,26
38,88,62,130
38,88,62,154
38,88,146,122
38,88,146,226
38,88,147,2
38,88,147,122
38,88,147,138
38,88,151,98
38,88,182,2
38,88,183,195
38,88,186,234
38,88,186,186
38,88,198,43
38,88,198,181
38,88,198,130
38,88,198,98
38,88,199,226
38,88,200,67
38,88,200,206
38,88,201,10
38,88,201,18
38,88,210,18
38,88,211,82
38,88,219,146
38,88,219,226
38,88,236,130
38,88,236,2
38,88,236,50
38,88,237,34
38,88,237,26
38,88,254,171
38,88,254,198
38,94,130,158
38,94,131,34
38,94,132,214
38,94,153,194
38,94,157,18
38,94,158,178
38,94,158,195
38,94,158,210
38,94,166,194
38,96,129,40
38,96,130,65
38,96,132,210
38,96,145,50
38,96,155,210
38,96,171,146
38,96,171,14
38,96,177,5
38,96,178,234
38,96,181,130
38,96,187,26
38,96,187,162
38,98,69,210
38,98,70,18
38,98,72,2
38,98,78,2
38,98,79,6
38,98,85,34
38,98,97,34
38,98,105,29
38,98,105,18
38,98,115,98
38,98,117,46
38,98,118,114
38,100,162,10
38,104,66,202
38,104,66,226
38,104,67,38
38,104,67,126
38,104,69,34
38,104,69,90
38,104,70,30
38,104,172,198
38,104,188,66
38,104,189,10
38,104,190,38
38,104,191,198
38,104,201,138
38,104,202,218
38,104,202,210
38,104,203,234
38,104,226,165
38,104,246,178
38,104,246,166
38,104,246,234
38,105,161,14
38,105,171,106
38,105,180,12
38,105,187,251
38,105,191,10
38,105,191,34
38,105,193,50
38,105,198,58
38,105,203,98
38,105,215,220
38,105,216,2
38,105,223,146
38,105,223,130
38,105,236,251
38,105,239,23
38,105,241,66
38,105,241,114
38,105,242,61
38,105,245,210
38,108,106,98
38,108,205,234
38,108,207,200
38,108,224,18
38,108,239,5
38,108,246,145
38,109,64,194
38,109,64,226
38,109,67,241
38,112,44,90
38,112,44,250
38,117,157,198
38,117,157,120
38,117,157,37
38,117,157,9
38,117,158,89
38,117,159,53
38,117,159,42
38,117,159,43
38,117,159,4
38,121,128,170
38,121,134,138
38,121,144,138
38,121,169,242
38,121,175,82
38,121,179,114
38,121,185,146
38,121,237,87
38,122,10,178
38,122,10,138
38,122,10,210
38,122,10,242
38,122,11,242
38,122,13,206
38,122,15,146
38,122,15,66
38,122,144,250
38,122,191,158
38,122,191,186
38,122,224,138
38,122,224,154
38,122,224,162
38,122,225,42
38,122,227,242
38,122,227,252
38,122,240,179
38,122,240,10
38,125,4,154
38,125,28,66
38,125,36,34
38,125,43,18
38,125,43,66
38,125,127,98
38,125,162,34
38,125,184,50
38,125,194,10
38,125,194,14
38,125,194,67
38,126,129,42
38,126,135,66
38,126,142,225
38,140,0,122
38,140,1,98
38,140,2,242
38,140,2,186
38,140,2,178
38,140,3,34
38,140,3,2
38,140,20,26
38,140,21,206
38,140,21,230
38,140,21,170
38,140,34,58
38,140,34,34
38,140,34,179
38,140,36,130
38,140,36,106
38,140,37,43
38,140,37,58
38,140,39,2
38,140,39,22
38,140,96,82
38,140,96,138
38,140,114,34
38,140,114,146
38,140,114,171
38,140,114,218
38,140,121,98
38,140,130,146
38,140,131,68
38,140,162,210
38,140,163,154
38,140,163,118
38,140,181,50
38,140,181,34
38,140,244,242
38,140,244,140
38,140,245,210
38,140,245,2
38,140,246,186
38,140,250,226
38,140,250,26
38,140,250,50
38,140,251,122
38,140,251,186
38,140,255,43
38,140,255,90
38,140,255,218
38,142,116,170
38,142,116,42
38,142,116,18
38,142,117,98
38,142,117,162
38,142,117,186
38,142,117,114
38,142,118,28
38,142,119,26
38,142,140,98
38,142,140,186
38,142,141,90
38,142,141,58
38,142,141,82
38,142,141,43
38,142,142,34
38,142,142,122
38,142,143,114
38,142,143,178
38,142,143,66
38,142,143,2
38,142,204,122
38,142,204,226
38,142,204,218
38,142,204,202
38,142,204,162
38,142,205,10
38,142,205,226
40,139,222,142
45,63,16,242
45,74,35,44
45,74,35,150
45,74,35,230
45,74,35,48
45,74,35,13
45,74,35,149
45,74,35,134
45,74,35,12
45,74,35,179
45,74,35,244
45,74,35,58
45,74,35,196
45,74,35,67
45,74,35,161
45,74,35,113
45,77,107,219
47,17,148,238
47,17,149,63
47,17,149,21
47,17,149,92
47,17,151,212
47,17,152,244
47,17,155,169
47,19,88,170
47,19,182,230
47,21,128,122
47,21,132,43
47,22,137,43
47,22,142,202
47,22,148,146
47,22,152,198
47,23,5,108
47,23,52,210
47,23,131,210
47,23,133,210
47,23,147,250
47,23,162,10
47,23,169,114
47,23,185,219
50,59,135,50
50,74,2,130
50,74,3,82
50,74,3,186
50,74,3,238
50,74,4,187
50,74,5,178
50,74,7,219
50,74,14,150
50,74,14,170
50,74,15,254
50,74,17,202
50,74,18,82
50,74,22,90
50,74,22,106
50,74,25,34
50,74,30,26
50,74,35,254
50,74,36,110
50,74,36,186
50,74,37,130
50,74,43,19
50,74,43,114
50,74,45,126
50,74,49,50
50,74,53,10
50,74,53,116
50,74,53,114
50,74,53,242
50,74,54,150
50,74,56,74
50,74,60,238
50,74,67,162
50,74,69,162
50,74,74,114
50,74,76,115
50,74,76,212
50,74,79,194
50,74,82,210
50,74,88,202
50,74,93,90
50,74,95,210
50,74,96,10
50,74,97,19
50,74,97,206
50,74,99,202
50,74,99,254
50,74,100,146
50,74,102,42
50,74,102,82
50,74,106,86
50,74,107,220
50,74,108,154
50,74,114,34
50,74,115,146
50,74,115,210
50,74,116,90
50,74,124,106
50,74,124,202
50,74,126,2
50,74,126,179
50,74,128,70
50,74,129,154
50,74,132,98
50,74,133,30
50,74,133,34
50,74,133,226
50,74,134,58
50,74,137,50
50,74,139,238
50,74,140,50
50,74,145,105
50,74,145,138
50,74,148,214
50,74,149,198
50,74,153,181
50,74,153,246
50,74,157,37
50,74,157,102
50,74,157,156
50,74,158,146
50,74,159,234
50,74,160,10
50,74,161,246
50,74,163,78
50,74,166,218
50,74,167,210
50,74,169,162
50,74,170,242
50,74,173,114
50,74,174,227
50,74,176,154
50,74,179,26
50,74,179,70
50,74,179,106
50,74,179,162
50,74,180,131
50,74,180,242
50,74,182,146
50,74,187,154
50,74,187,166
50,74,190,178
50,74,193,142
50,74,194,30
50,74,194,194
50,74,195,82
50,74,197,93
50,74,197,213
50,74,198,54
50,74,199,90
50,74,200,82
50,74,200,234
50,74,204,226
50,74,205,82
50,74,205,178
50,74,210,62
50,74,211,50
50,74,211,210
50,74,213,66
50,74,222,66
50,74,227,74
50,74,228,134
50,74,230,106
50,74,230,154
50,74,233,146
50,74,236,10
50,74,237,250
50,74,240,238
50,74,247,106
50,74,248,254
50,74,249,42
50,74,252,250
50,74,254,250
50,74,255,42
50,75,205,202
50,75,208,86
50,75,213,82
50,75,213,134
50,75,214,66
50,75,216,12
50,75,216,93
50,75,216,178
50,75,223,2
50,75,224,50
50,75,228,206
50,75,235,138
50,75,238,146
50,75,239,82
50,75,239,146
50,75,240,42
50,75,244,26
50,75,249,181
52,119,74,234
52,119,80,205
52,119,80,218
52,119,80,244
52,119,80,203
52,119,80,130
52,119,80,209
52,119,82,82
52,119,82,202
52,119,82,242
52,119,82,146
52,119,89,135
52,144,44,244
52,144,44,141
52,144,46,246
52,144,47,205
52,144,47,34
52,144,47,118
52,144,47,72
63,40,15,23
63,70,89,4
63,76,66,126
63,88,3,11
63,88,3,16
63,116,49,146
63,116,214,50
63,117,3,38
63,117,3,53
63,117,15,178
63,117,124,116
63,139,102,132
63,151,158,234
63,158,218,155
63,158,218,179
63,237,147,10
64,7,3,106
64,35,37,58
64,35,39,42
64,35,102,202
64,47,76,45
64,49,66,38
64,49,66,54
64,49,84,18
64,49,93,138
64,49,93,196
64,49,93,213
64,49,96,58
64,49,97,66
64,61,8,18
64,61,17,186
64,61,21,194
64,61,23,180
64,61,72,106
64,61,77,98
64,61,84,112
64,61,84,133
64,61,84,136
64,61,84,209
64,61,92,114
64,61,94,194
64,61,95,211
64,61,118,67
64,61,122,171
64,61,147,74
64,61,152,131
64,61,161,186
64,61,165,238
64,61,167,75
64,61,171,66
64,61,185,2
64,61,187,250
64,61,189,162
64,69,101,218
64,78,255,186
64,78,255,242
64,105,120,190
64,105,122,82
64,111,67,166
64,111,70,54
64,111,70,165
64,111,76,168
64,111,76,122
64,111,76,104
64,111,76,254
64,111,79,130
64,111,79,181
64,115,76,34
64,115,80,194
64,115,158,166
64,115,158,168
64,115,164,70
64,124,141,254
64,128,167,198
64,128,167,186
64,132,179,30
64,132,211,162
64,145,79,73
64,145,79,214
64,145,79,223
64,145,79,149
64,145,79,138
64,205,241,178
65,51,87,101
65,51,107,162
65,51,113,194
65,51,139,194
65,51,216,42
65,51,216,78
65,51,216,50
65,51,216,44
65,78,1,10
65,78,1,64
65,78,1,84
65,78,1,91
65,78,1,98
65,78,1,101
65,78,1,128
65,78,1,166
65,78,1,179
65,78,1,191
65,78,1,195
65,78,1,216
65,78,1,229
65,78,1,251
65,78,1,252
65,78,4,70
65,78,4,86
65,78,4,126
65,78,4,179
65,78,4,193
65,78,4,194
65,78,4,197
65,78,4,204
65,78,4,218
65,78,4,233
65,78,4,245
65,78,5,9
65,78,5,58
65,78,5,82
65,78,5,94
65,78,5,101
65,78,5,147
65,78,5,165
65,78,5,178
65,78,5,183
65,78,5,225
65,78,5,236
65,78,5,242
65,78,8,59
65,78,8,68
65,78,8,69
65,78,8,79
65,78,8,82
65,78,8,94
65,78,8,156
65,78,8,169
65,78,8,211
65,78,8,228
65,78,8,229
65,78,13,31
65,78,13,24
65,78,13,210
65,78,13,196
65,78,13,234
65,78,13,205
65,78,13,15
65,78,13,82
65,78,13,142
65,78,13,41
65,78,13,162
65,112,97,70
65,115,8,154
65,196,51,243
65,198,108,82
65,200,162,5
65,200,190,122
65,204,21,171
65,204,29,4
65,206,26,242
65,209,100,62
65,211,26,42
65,211,56,154
65,215,7,182
65,220,64,138
65,220,118,82
65,223,255,82
65,242,173,122
65,242,177,194
65,244,77,2
65,246,174,98
65,254,1,10
65,254,1,142
65,254,4,106
65,254,8,42
65,254,10,186
66,9,129,114
66,23,202,21
66,37,35,226
66,43,75,210
66,43,88,98
66,43,104,122
66,65,33,10
66,65,33,116
66,65,33,4
66,65,33,37
66,65,33,158
66,65,33,0
66,65,33,243
66,65,33,121
66,65,33,28
66,65,33,162
66,65,33,186
66,65,33,187
66,65,33,5
66,65,33,33
66,65,33,25
66,65,33,230
66,65,33,59
66,65,33,58
66,65,33,191
66,65,33,94
66,65,36,213
66,65,36,121
66,65,36,167
66,65,36,134
66,65,36,208
66,65,36,251
66,65,36,81
66,65,36,47
66,65,36,16
66,65,36,82
66,65,36,192
66,65,36,71
66,65,36,64
66,65,36,168
66,65,36,83
66,65,38,101
66,65,38,17
66,65,38,129
66,65,38,219
66,65,38,55
66,65,38,231
66,65,38,188
66,65,38,239
66,65,38,15
66,65,38,92
66,65,38,100
66,65,38,69
66,65,39,47
66,65,39,101
66,65,39,56
66,65,39,216
66,65,39,122
66,65,39,27
66,65,99,100
66,65,99,99
66,65,99,210
66,65,99,63
66,65,99,43
66,65,99,235
66,65,99,18
66,65,99,55
66,65,99,242
66,65,99,68
66,65,99,249
66,65,99,42
66,65,99,141
66,65,99,182
66,65,101,127
66,65,101,138
66,65,101,117
66,65,101,34
66,65,108,228
66,65,108,146
66,65,108,129
66,65,108,121
66,65,108,114
66,65,108,83
66,65,108,58
66,65,108,0
66,65,111,29
66,65,111,90
66,65,111,247
66,65,111,25
66,65,119,3
66,65,119,86
66,65,119,37
66,65,119,4
66,65,119,203
66,65,119,182
66,104,227,106
66,108,22,234
66,108,22,255
66,108,22,198
66,108,22,194
66,108,22,187
66,108,22,34
66,108,22,15
66,108,22,84
66,108,22,155
66,108,22,190
66,108,22,29
66,108,22,103
66,108,22,223
66,108,22,3
66,108,22,214
66,108,22,20
66,108,22,178
66,108,22,217
66,108,22,60
66,108,22,50
66,108,22,16
66,108,22,143
66,108,22,154
66,108,22,127
66,108,22,9
66,108,22,152
66,108,22,227
66,108,22,70
66,108,22,124
66,108,22,82
66,108,22,118
66,108,22,218
66,108,22,37
66,108,23,105
66,108,23,182
66,108,23,203
66,108,23,227
66,108,23,66
66,108,23,181
66,108,23,162
66,108,23,122
66,108,23,149
66,108,23,121
66,108,23,9
66,108,23,34
66,108,23,190
66,108,23,89
66,108,23,232
66,108,23,157
66,108,23,128
66,108,23,210
66,108,23,0
66,108,23,230
66,108,23,147
66,108,23,75
66,108,23,25
66,108,23,148
66,108,23,202
66,108,24,208
66,108,24,213
66,108,24,88
66,108,24,144
66,108,24,56
66,108,24,92
66,108,24,233
66,108,24,190
66,108,24,138
66,108,24,44
66,108,24,239
66,108,24,80
66,108,24,103
66,108,24,36
66,108,24,249
66,108,24,237
66,108,24,46
66,108,24,220
66,108,24,236
66,108,26,174
66,108,26,72
66,108,26,225
66,108,26,110
66,108,26,163
66,108,26,170
66,108,26,87
66,108,26,139
66,108,26,243
66,108,26,153
66,108,26,181
66,108,26,158
66,108,26,107
66,108,26,9
66,108,26,49
66,108,26,78
66,108,26,94
66,108,26,37
66,108,26,201
66,108,26,43
66,108,26,182
66,108,27,73
66,108,27,58
66,108,27,166
66,108,27,130
66,108,27,247
66,108,27,63
66,108,27,202
66,108,27,90
66,108,27,27
66,108,27,64
66,108,27,85
66,108,27,102
66,108,27,149
66,108,30,188
66,108,31,236
66,108,31,64
66,108,31,244
66,108,31,56
66,108,31,234
66,108,31,178
66,108,31,98
66,108,31,246
66,108,31,149
66,108,31,61
66,108,31,203
66,108,31,7
66,108,31,145
66,108,31,230
66,108,31,193
66,108,31,29
66,108,31,94
66,108,31,134
66,108,31,252
66,108,81,141
66,108,81,174
66,108,81,187
66,108,81,134
66,108,81,126
66,108,81,177
66,108,81,28
66,108,81,120
66,108,81,208
66,108,81,200
66,108,81,143
66,108,81,42
66,108,81,238
66,108,81,215
66,108,81,252
66,108,81,91
66,108,81,179
66,108,81,130
66,108,81,167
66,108,81,209
66,108,81,57
66,108,81,185
66,108,81,110
66,108,81,119
66,108,81,60
66,108,81,192
66,108,81,149
66,108,81,155
66,108,95,110
66,108,95,206
66,108,95,213
66,108,95,32
66,108,138,55
66,108,138,91
66,108,138,130
66,108,138,36
66,108,138,131
66,108,138,116
66,108,138,152
66,108,138,0
66,108,138,190
66,108,138,217
66,108,143,14
66,108,143,12
66,108,143,192
66,108,143,202
66,108,143,197
66,108,143,208
66,108,143,94
66,108,143,130
66,108,143,28
66,108,143,211
66,108,143,239
66,108,143,124
66,108,143,122
66,108,143,198
66,108,143,112
66,108,143,137
66,108,143,1
66,108,143,126
66,108,143,72
66,108,143,82
66,108,143,241
66,108,146,151
66,108,146,101
66,108,146,213
66,108,146,67
66,108,146,22
66,108,146,0
66,108,146,217
66,108,146,105
66,108,146,163
66,108,146,11
66,108,146,195
66,108,164,35
66,108,164,49
66,108,164,12
66,108,164,157
66,108,164,102
66,108,164,132
66,108,253,77
66,108,253,168
66,108,253,172
66,108,253,166
66,108,253,75
66,108,253,160
66,108,253,34
66,108,253,127
66,108,253,146
66,108,253,82
66,108,253,174
66,108,253,70
66,108,253,101
66,108,253,50
66,108,253,63
66,108,253,38
66,108,253,21
66,108,254,81
66,108,254,33
66,108,254,166
66,108,254,66
66,108,254,106
66,108,254,58
66,108,254,128
66,108,254,155
66,108,254,35
66,108,254,97
66,108,254,149
66,108,254,89
66,108,254,70
66,108,254,72
66,108,254,152
66,108,254,19
66,108,254,222
66,108,254,37
66,108,255,41
66,108,255,115
66,108,255,225
66,108,255,20
66,108,255,4
66,108,255,80
66,108,255,241
66,108,255,64
66,108,255,179
66,108,255,118
66,108,255,232
66,108,255,250
66,108,255,204
66,108,255,26
66,108,255,103
66,108,255,6
66,108,255,95
66,108,255,146
66,108,255,96
66,108,255,2
66,108,255,208
66,108,255,155
66,108,255,126
66,108,255,10
66,108,255,143
66,108,255,195
66,108,255,104
66,114,67,23
66,114,69,217
66,117,119,50
66,117,119,98
66,155,232,90
66,155,235,2
66,162,176,146
66,162,185,114
66,166,194,222
66,192,113,38
67,81,207,97
67,82,226,91
67,88,41,34
67,100,110,0
67,103,116,178
67,103,233,210
67,109,127,50
67,213,210,222
67,216,20,122
67,243,130,171
67,243,130,249
67,243,130,53
67,243,130,28
67,243,130,87
67,243,130,65
67,243,130,179
67,243,130,59
67,243,130,22
67,243,130,183
67,243,130,94
67,243,133,147
67,243,133,181
67,243,133,206
67,243,133,37
67,243,133,26
67,243,133,109
67,243,133,19
67,243,133,189
67,243,133,175
67,243,133,186
67,243,133,226
67,243,133,63
67,243,133,69
67,243,133,194
67,243,133,14
67,243,138,250
67,243,138,108
67,243,138,152
67,243,138,224
67,243,138,99
67,243,138,74
67,243,138,247
67,243,138,156
67,243,138,120
67,243,138,148
67,243,138,9
67,243,138,252
67,243,138,43
67,243,147,193
67,243,147,44
67,243,147,16
67,243,147,175
67,243,147,9
67,243,147,101
67,243,147,211
67,243,147,6
67,243,147,74
67,243,147,179
67,243,147,244
67,243,147,107
67,243,147,130
67,243,147,80
67,243,147,225
67,243,152,95
67,243,152,183
67,243,152,16
67,243,152,213
67,243,152,41
67,243,152,134
67,243,152,235
67,243,152,28
67,243,152,21
67,243,152,34
67,243,152,19
67,243,152,173
67,243,152,236
67,243,152,151
67,243,152,0
67,243,152,60
67,243,152,131
67,243,152,43
67,243,152,119
67,243,152,133
67,243,152,216
67,243,153,16
67,243,153,54
67,243,153,154
67,243,153,171
67,243,153,236
67,243,153,41
67,243,153,104
67,243,153,9
67,243,153,194
67,243,153,71
67,243,153,78
67,243,153,108
67,243,153,40
67,243,153,64
67,243,153,13
67,243,202,228
67,243,216,50
67,243,216,38
67,243,216,194
67,243,216,96
67,243,216,136
67,243,216,134
67,243,216,142
67,243,216,177
67,243,216,30
67,243,216,105
67,243,216,112
67,243,216,145
67,243,216,29
67,243,224,231
67,243,224,219
67,243,224,206
67,243,224,136
67,243,224,118
67,243,224,108
67,243,224,93
67,243,224,84
67,243,224,72
67,243,224,68
67,243,224,62
67,243,224,58
67,243,224,34
67,243,224,31
67,243,224,27
67,243,224,14
67,243,240,191
67,243,240,27
67,243,241,238
67,243,241,35
67,243,241,215
67,243,241,157
67,243,241,239
67,243,241,192
67,245,16,115
67,245,16,110
67,245,16,82
67,245,16,61
67,245,16,52
67,245,16,51
67,245,16,30
67,245,16,18
67,245,16,16
67,245,16,8
67,245,97,106
67,245,97,3
67,245,97,64
67,245,97,184
67,245,97,62
67,245,97,122
67,245,97,35
67,245,97,115
67,245,97,241
67,245,97,66
67,245,97,43
67,245,97,174
67,245,97,181
67,245,97,80
67,245,97,232
67,245,97,217
67,245,97,15
67,245,97,67
67,245,97,140
67,245,97,185
67,245,97,117
67,245,97,170
67,245,97,30
67,245,99,113
67,245,99,157
67,245,99,49
67,245,99,48
67,245,99,148
67,245,99,187
67,245,99,158
67,245,99,117
67,245,99,19
67,245,99,197
67,245,99,227
67,245,99,255
67,245,99,249
67,245,99,198
67,245,99,251
67,245,102,224
67,245,102,47
67,245,102,45
67,245,102,181
67,245,102,134
67,245,102,233
67,245,102,171
67,245,102,77
67,245,102,28
67,245,102,100
67,245,102,220
67,245,105,194
67,245,105,101
67,245,105,90
67,245,105,153
67,245,105,26
67,245,105,0
67,245,105,68
67,245,105,227
67,245,105,80
67,245,105,105
67,245,105,32
67,245,105,234
67,245,105,204
67,245,105,157
67,245,105,132
67,245,106,79
67,245,106,245
67,245,106,159
67,245,106,10
67,245,106,72
67,245,106,230
67,245,106,215
67,245,106,111
67,245,106,74
67,245,106,141
67,245,106,24
67,245,106,5
67,245,106,145
67,245,106,166
67,245,145,10
67,245,145,188
67,245,145,47
67,245,145,146
67,245,145,16
67,245,145,20
67,245,145,142
67,245,145,3
67,245,145,226
67,245,145,61
67,245,145,242
67,245,145,4
67,245,145,214
67,245,145,124
67,245,145,240
67,245,145,73
67,245,145,203
67,245,145,23
67,245,151,115
67,245,151,230
67,245,151,205
67,245,151,161
67,245,151,155
67,245,151,238
67,245,151,227
67,245,151,46
67,245,151,234
67,245,151,22
67,245,151,38
67,245,151,241
67,245,151,108
67,245,151,20
67,245,151,103
67,245,151,23
67,245,151,142
67,245,151,8
67,245,151,160
67,245,156,250
67,245,156,108
67,245,156,96
67,245,156,81
67,245,156,95
67,245,156,48
67,245,156,105
67,245,156,154
67,245,156,86
67,245,156,202
67,245,156,31
67,245,156,216
67,245,157,148
67,245,157,39
67,245,157,175
67,245,157,146
67,245,157,243
67,245,157,119
67,245,157,238
67,245,157,135
67,245,157,149
67,245,157,195
67,245,157,141
67,245,157,13
67,245,157,37
67,245,157,83
67,245,157,71
67,245,157,9
67,245,157,60
67,245,157,103
67,245,157,178
67,245,157,26
67,245,157,120
67,245,159,133
67,245,159,138
67,245,159,191
67,245,159,203
67,245,159,69
67,245,159,166
67,245,159,222
67,245,159,194
67,245,159,160
67,245,159,129
67,245,159,245
67,245,159,51
67,245,159,80
67,245,159,57
67,245,159,177
67,245,159,117
67,245,159,40
67,245,159,250
67,245,159,104
67,247,34,133
67,247,34,76
67,247,34,6
67,247,34,15
67,247,34,129
67,247,34,88
67,247,34,114
67,247,34,5
67,247,34,7
67,247,34,136
67,247,34,12
67,247,34,175
67,247,34,109
67,247,34,179
67,247,34,24
67,247,34,0
67,247,34,134
67,247,34,91
67,247,34,34
67,247,34,223
67,247,34,79
67,247,38,53
67,247,38,128
67,247,38,39
67,247,38,229
67,247,38,44
67,247,38,171
67,247,38,197
67,247,38,235
67,247,38,60
67,247,38,52
67,247,38,233
67,247,38,72
67,247,38,183
67,247,38,124
67,247,39,122
67,247,39,204
67,247,39,196
67,247,39,246
67,247,39,115
67,247,39,0
67,247,39,215
67,247,39,81
67,247,39,49
67,247,39,133
67,247,39,136
67,247,39,18
67,247,39,86
67,247,39,78
67,247,39,103
67,247,39,39
67,247,39,73
67,247,39,106
67,247,39,33
67,247,39,93
67,247,39,72
67,247,39,228
67,247,39,154
67,247,39,157
67,247,39,184
67,247,39,5
67,247,39,121
67,247,39,48
67,247,58,106
67,247,58,165
67,247,58,205
67,247,58,74
67,247,58,54
67,247,58,129
67,247,58,93
67,247,58,242
67,247,58,15
67,247,58,184
67,247,59,70
67,247,59,140
67,247,59,50
67,247,59,32
67,247,59,185
67,247,59,131
67,247,59,38
67,247,59,114
67,247,59,9
67,247,59,226
67,247,59,45
67,247,59,243
67,247,59,17
67,247,59,139
67,247,59,69
67,247,59,232
67,247,59,123
67,247,59,157
67,247,59,189
67,247,59,99
67,247,59,197
67,247,59,19
67,247,59,244
67,247,59,212
67,247,59,203
67,247,59,151
67,247,59,249
67,247,59,188
67,247,62,73
67,247,62,77
67,247,62,206
67,247,62,98
67,247,62,37
67,247,62,178
67,247,62,78
67,247,62,8
67,247,62,163
67,247,62,211
67,247,62,229
67,247,62,2
67,247,96,7
67,247,96,221
67,247,96,38
67,247,96,43
67,247,96,137
67,247,96,226
67,247,96,179
67,247,96,166
67,247,96,167
67,247,96,189
67,247,96,147
67,247,96,2
67,247,96,162
67,247,96,158
67,247,96,18
67,247,96,125
67,247,96,184
67,247,96,224
67,247,96,33
67,247,97,178
67,247,97,67
67,247,97,228
67,247,97,159
67,247,97,26
67,247,97,106
67,247,97,116
67,247,97,215
67,247,97,56
67,247,97,179
67,247,97,39
67,247,98,194
67,247,98,147
67,247,98,72
67,247,98,128
67,247,98,155
67,247,98,98
67,247,98,244
67,247,98,192
67,247,98,140
67,247,98,112
67,247,98,184
67,247,98,119
67,247,98,148
67,247,99,81
67,247,99,13
67,247,99,232
67,247,99,8
67,247,99,219
67,247,99,68
67,247,99,72
67,247,99,226
67,247,99,182
67,247,99,21
67,247,99,189
67,247,99,63
67,247,99,193
67,247,99,14
67,247,99,223
67,247,99,237
67,247,99,96
67,247,100,136
67,247,100,191
67,247,100,141
67,247,100,229
67,247,100,30
67,247,100,121
67,247,100,78
67,247,100,135
67,247,100,245
67,247,100,224
67,247,100,212
67,247,100,143
67,247,100,14
67,247,100,10
67,247,100,110
67,247,100,112
67,247,100,69
67,247,100,156
67,247,100,123
67,247,100,86
67,247,100,225
67,247,101,47
67,247,101,191
67,247,101,122
67,247,101,199
67,247,101,43
67,247,101,66
67,247,101,142
67,247,101,74
67,247,101,83
67,247,102,214
67,247,102,199
67,247,102,177
67,247,102,230
67,247,102,134
67,247,102,74
67,247,102,92
67,247,102,58
67,247,102,32
67,247,102,244
67,247,102,170
67,247,102,249
67,247,102,144
67,247,102,44
67,247,102,90
67,247,102,191
67,247,102,133
67,247,103,94
67,247,103,254
67,247,103,46
67,247,103,40
67,247,103,216
67,247,103,238
67,247,103,179
67,247,103,170
67,247,103,205
67,247,103,45
67,247,103,160
67,247,103,53
67,247,103,135
67,247,103,0
67,247,104,159
67,247,104,119
67,247,104,207
67,247,104,103
67,247,104,165
67,247,104,190
67,247,104,14
67,247,104,120
67,247,104,97
67,247,104,106
67,247,104,101
67,247,104,66
67,247,104,53
67,247,105,169
67,247,105,98
67,247,105,234
67,247,105,229
67,247,105,129
67,247,105,95
67,247,105,82
67,247,105,15
67,247,105,208
67,247,105,146
67,247,106,103
67,247,106,134
67,247,106,54
67,247,106,0
67,247,106,237
67,247,106,49
67,247,106,12
67,247,106,197
67,247,106,96
67,247,106,59
67,247,106,13
67,247,106,36
67,247,107,170
67,247,107,1
67,247,107,246
67,247,107,40
67,247,107,255
67,247,107,152
67,247,107,191
67,247,108,7
67,247,108,234
67,247,108,34
67,247,108,101
67,247,108,116
67,247,108,163
67,247,108,98
67,247,108,46
67,247,108,194
67,247,108,102
67,247,108,179
67,247,112,140
67,247,112,238
67,247,112,212
67,247,112,13
67,247,112,14
67,247,112,253
67,247,112,85
67,247,112,11
67,247,112,151
67,247,112,217
67,247,112,177
67,247,112,103
67,247,112,132
67,247,112,122
67,247,112,180
67,247,112,71
67,247,112,47
67,247,112,175
67,247,113,242
67,247,113,35
67,247,113,224
67,247,113,172
67,247,113,124
67,247,113,109
67,247,113,7
67,247,113,209
67,247,113,229
67,247,113,206
67,247,113,3
67,247,113,188
67,247,113,23
67,247,113,244
67,247,113,176
67,247,113,199
67,247,113,22
67,247,113,212
67,247,114,18
67,247,114,100
67,247,114,194
67,247,114,78
67,247,114,59
67,247,114,208
67,247,114,62
67,247,114,171
67,247,114,131
67,247,114,30
67,247,114,105
67,247,114,156
67,247,114,223
67,247,114,94
67,247,114,90
67,247,114,37
67,247,114,29
67,247,114,226
67,247,115,162
67,247,115,169
67,247,115,184
67,247,115,117
67,247,115,213
67,247,115,0
67,247,115,172
67,247,115,140
67,247,115,129
67,247,115,49
67,247,115,199
67,247,115,233
67,247,115,101
67,247,115,52
67,247,115,57
67,247,115,127
67,247,115,206
67,247,115,133
67,247,115,226
67,247,115,204
67,247,115,254
67,247,115,29
67,247,116,109
67,247,116,34
67,247,116,84
67,247,116,77
67,247,116,230
67,247,116,9
67,247,116,191
67,247,116,102
67,247,116,174
67,247,116,104
67,247,117,138
67,247,117,141
67,247,117,109
67,247,117,211
67,247,117,58
67,247,117,189
67,247,117,84
67,247,117,42
67,247,117,29
67,247,117,31
67,247,117,130
67,247,117,32
67,247,117,232
67,247,117,57
67,247,118,59
67,247,118,4
67,247,118,55
67,247,118,235
67,247,118,255
67,247,118,121
67,247,118,215
67,247,118,221
67,247,118,41
67,247,118,22
67,247,118,227
67,247,118,35
67,247,118,148
67,247,118,45
67,247,118,67
67,247,119,233
67,247,119,218
67,247,119,83
67,247,119,214
67,247,119,185
67,247,119,116
67,247,119,0
67,247,119,208
67,247,119,153
67,247,119,203
67,247,119,246
67,247,119,240
67,247,119,220
67,247,119,72
67,247,119,114
67,247,119,36
67,247,119,165
67,247,119,66
67,247,120,57
67,247,120,125
67,247,120,167
67,247,120,246
67,247,120,78
67,247,120,86
67,247,120,48
67,247,120,131
67,247,120,121
67,247,120,103
67,247,120,194
67,247,120,140
67,247,120,151
67,247,121,237
67,247,121,167
67,247,121,195
67,247,121,196
67,247,121,56
67,247,121,16
67,247,121,250
67,247,121,14
67,247,121,178
67,247,121,236
67,247,121,209
67,247,121,85
67,247,121,73
67,247,121,213
67,247,121,145
67,247,121,177
67,247,121,139
67,247,121,10
67,247,122,88
67,247,122,178
67,247,122,163
67,247,122,45
67,247,122,21
67,247,122,99
67,247,122,245
67,247,122,104
67,247,122,87
67,247,122,76
67,247,122,24
67,247,122,150
67,247,122,65
67,247,122,243
67,247,123,91
67,247,123,127
67,247,123,184
67,247,123,36
67,247,123,204
67,247,123,195
67,247,123,162
67,247,123,104
67,247,123,28
67,247,123,77
67,247,123,107
67,247,123,239
67,247,123,168
67,247,123,108
67,247,123,110
67,247,123,132
67,247,124,87
67,247,124,55
67,247,124,61
67,247,124,216
67,247,124,110
67,247,124,56
67,247,124,28
67,247,124,135
67,247,124,207
67,247,124,97
67,247,124,191
67,247,124,151
67,247,124,214
67,247,124,149
67,247,124,50
67,247,124,6
67,247,124,221
67,247,124,244
67,247,124,93
67,247,124,126
67,247,124,80
67,247,124,51
67,247,124,210
67,247,124,146
67,247,125,103
67,247,125,199
67,247,125,72
67,247,125,153
67,247,125,92
67,247,125,254
67,247,125,215
67,247,125,130
67,247,125,11
67,247,125,121
67,247,125,208
67,247,125,195
67,247,125,224
67,247,125,129
67,247,125,57
67,247,125,56
67,247,125,186
67,247,125,126
67,247,125,171
67,247,125,147
67,247,126,155
67,247,126,61
67,247,126,56
67,247,126,213
67,247,126,33
67,247,126,68
67,247,126,1
67,247,126,32
67,247,126,35
67,247,126,38
67,247,126,171
67,247,126,50
67,247,126,112
67,247,126,76
67,247,126,239
67,247,127,165
67,247,127,245
67,247,127,199
67,247,127,89
67,247,127,204
67,247,127,223
67,247,127,119
67,247,127,207
67,247,127,88
67,247,127,247
67,247,127,27
67,247,127,51
67,247,127,75
67,247,127,19
67,247,127,178
67,247,127,15
67,247,127,121
67,247,127,66
67,247,127,186
67,247,127,84
67,247,127,151
67,247,127,30
67,247,127,254
67,247,127,149
67,247,127,211
67,247,127,72
67,250,16,1
67,250,32,37
67,250,32,73
67,250,32,233
67,250,32,75
67,250,32,23
67,250,32,169
67,250,32,24
67,250,32,238
67,250,32,252
67,250,32,228
67,250,32,3
67,250,32,42
67,250,32,85
67,250,32,167
67,250,32,155
67,250,32,109
67,250,32,223
67,250,33,247
67,250,33,99
67,250,33,80
67,250,33,238
67,250,33,160
67,250,33,73
67,250,33,222
67,250,33,28
67,250,33,137
67,250,33,196
67,250,33,96
67,250,33,184
67,250,33,46
67,250,33,41
67,250,33,114
67,250,33,195
67,250,33,155
67,250,33,108
67,250,33,211
67,250,33,255
67,250,33,10
67,250,39,78
67,250,39,114
67,250,39,55
67,250,39,235
67,250,39,253
67,250,39,44
67,250,39,183
67,250,39,161
67,250,39,225
67,250,39,160
67,250,39,101
67,250,39,129
67,250,39,200
67,250,39,142
67,250,39,126
67,250,39,168
67,250,39,182
67,250,39,69
67,250,39,134
67,250,43,166
67,250,43,252
67,250,43,52
67,250,43,73
67,250,43,37
67,250,43,150
67,250,43,25
67,250,43,175
67,250,43,76
67,250,43,92
67,250,43,105
67,250,43,176
67,250,44,38
67,250,44,102
67,250,44,88
67,250,44,238
67,250,44,52
67,250,44,68
67,250,44,60
67,250,44,108
67,250,44,163
67,250,44,252
67,250,44,29
67,250,44,241
67,250,44,151
67,250,44,138
67,250,44,7
67,250,44,23
67,250,44,43
67,250,54,151
67,250,54,28
67,250,54,205
67,250,54,82
67,250,54,244
67,250,54,16
67,250,54,147
67,250,54,86
67,250,54,55
67,250,54,204
67,250,54,255
67,250,54,180
67,250,54,41
67,250,54,7
67,250,54,63
67,250,54,27
67,250,54,46
67,250,54,5
67,250,54,51
67,250,54,212
67,250,54,72
67,250,54,126
67,250,54,32
67,250,54,83
67,250,54,75
67,250,54,220
67,250,54,98
67,250,54,79
67,250,54,223
67,250,54,246
67,250,54,234
67,250,54,127
67,250,54,13
67,250,54,132
67,250,55,216
67,250,55,0
67,250,55,132
67,250,55,5
67,250,55,251
67,250,55,96
67,250,55,22
67,250,55,59
67,250,55,234
67,250,55,175
67,250,55,57
67,250,55,160
67,250,55,159
67,250,55,93
67,250,55,127
67,250,55,177
67,250,55,191
67,250,55,47
67,250,55,149
67,250,55,79
67,250,55,112
67,250,55,254
67,250,55,116
67,250,55,218
67,250,55,141
67,250,55,207
67,250,55,233
67,250,55,208
67,250,55,253
67,250,55,129
67,250,55,154
67,250,55,91
67,250,55,77
67,250,55,212
67,250,55,55
67,250,55,125
67,250,55,123
67,250,55,99
67,250,60,5
67,250,60,52
67,250,60,69
67,250,60,244
67,250,60,45
67,250,60,218
67,250,60,142
67,250,60,207
67,250,60,6
67,250,60,74
67,250,60,209
67,250,60,42
67,250,60,68
67,250,60,175
67,250,60,129
67,250,60,94
67,250,60,115
67,250,60,242
67,250,60,101
67,250,60,92
67,250,60,23
67,250,63,21
67,250,63,23
67,250,63,51
67,250,63,246
67,250,63,194
67,250,63,45
67,250,63,229
67,250,63,87
67,250,63,57
67,250,63,171
67,250,63,174
67,250,63,151
67,250,63,92
67,250,63,75
67,250,63,43
67,250,63,82
67,250,66,6
67,250,176,241
67,250,176,108
67,250,176,14
67,250,176,47
67,250,176,4
67,250,176,2
67,250,176,236
67,250,176,136
67,250,176,133
67,250,176,213
67,250,176,21
67,250,176,86
67,250,176,160
67,250,176,192
67,250,176,74
67,250,176,235
67,250,176,168
67,250,176,104
67,250,176,20
67,250,176,218
67,250,176,99
67,250,176,12
67,250,176,170
67,250,176,157
67,250,176,97
67,250,176,43
67,250,176,247
67,250,176,111
67,250,176,195
67,250,187,233
67,250,187,67
67,250,187,65
67,250,187,167
67,250,187,40
67,250,187,143
67,250,187,3
67,250,187,98
67,250,187,96
67,250,187,189
67,250,187,85
67,250,187,196
67,250,187,195
67,250,187,159
67,250,187,112
67,250,187,210
67,250,187,254
67,250,187,109
67,250,187,198
67,250,189,43
67,250,189,122
67,250,189,169
67,250,189,166
67,250,189,215
67,250,189,58
67,250,189,208
67,250,189,68
67,250,189,16
67,250,189,197
67,250,189,73
67,250,189,7
67,250,189,60
67,250,189,107
67,250,189,148
67,250,189,44
67,250,189,38
67,250,189,202
67,250,189,170
67,250,189,102
67,250,189,161
67,250,189,158
67,250,189,36
67,250,189,13
67,250,189,245
67,250,189,114
67,251,227,70
67,251,228,90
67,251,236,13
67,251,239,172
67,254,1,38
67,254,1,7
67,254,1,22
67,254,1,2
67,254,1,155
67,254,12,17
67,254,12,5
67,254,12,15
67,254,13,83
67,254,13,89
67,254,37,87
67,254,37,154
67,254,39,3
67,254,39,23
67,254,52,66
67,254,54,152
67,254,55,112
67,254,55,210
67,254,57,10
67,254,57,5
67,254,59,71
67,254,69,139
67,254,71,218
67,254,74,26
67,254,74,36
67,254,129,107
67,254,129,222
67,254,129,166
67,254,129,180
67,254,129,71
67,254,129,242
67,254,129,141
67,254,129,148
67,254,129,16
67,254,129,53
67,254,129,57
67,254,129,31
67,254,129,68
67,254,129,89
67,254,135,215
67,254,135,249
67,254,135,16
67,254,135,208
67,254,135,127
67,254,135,137
67,254,135,154
67,254,135,200
67,254,135,43
67,254,135,9
67,254,135,37
67,254,135,134
67,254,141,28
67,254,141,58
67,254,141,36
67,254,141,100
67,254,141,136
67,254,141,221
67,254,141,69
67,254,142,20
67,254,142,166
67,254,142,115
67,254,142,195
67,254,142,75
67,254,142,33
67,254,142,25
67,254,142,164
67,254,142,5
67,254,142,198
67,254,142,0
67,254,143,213
67,254,143,33
67,254,143,41
67,254,143,92
67,254,143,42
67,254,143,97
67,254,143,230
67,254,143,187
67,254,143,246
67,254,145,75
67,254,145,230
67,254,145,34
67,254,145,253
67,254,145,109
67,254,145,133
67,254,145,204
67,254,146,20
67,254,146,158
67,254,146,156
67,254,146,226
67,254,146,76
67,254,146,0
67,254,146,245
67,254,146,41
67,254,150,34
67,254,150,228
67,254,150,91
67,254,151,176
67,254,151,20
67,254,151,153
67,254,151,64
67,254,151,11
67,254,151,7
67,254,151,174
67,254,152,205
67,254,152,241
67,254,153,32
67,254,153,162
67,254,153,42
67,254,154,41
67,254,154,249
67,254,156,43
67,254,156,54
67,254,158,100
67,254,158,33
67,254,162,191
67,254,162,241
67,254,162,37
67,254,162,49
67,254,162,70
67,254,162,39
67,254,162,145
67,254,162,212
67,254,162,223
67,254,162,22
67,254,162,199
67,254,165,12
67,254,165,29
67,254,165,114
67,254,165,53
67,254,165,159
67,254,165,156
67,254,165,87
67,254,165,100
67,254,165,0
67,254,165,178
67,254,200,105
67,254,200,23
67,254,200,211
67,254,200,107
67,254,200,82
67,254,200,90
67,254,200,224
67,254,200,10
67,254,200,91
67,254,200,191
67,254,200,69
67,254,200,86
67,254,200,203
67,254,200,151
67,254,200,230
67,254,200,209
67,254,200,155
67,254,200,182
67,254,200,78
67,254,200,164
67,254,200,149
67,254,200,45
67,254,200,132
67,254,200,71
67,254,201,58
67,254,201,39
67,254,201,142
67,254,213,187
67,254,213,203
67,254,213,83
67,254,213,123
67,254,213,128
67,254,213,118
67,254,213,183
67,254,213,67
67,254,213,50
67,254,213,234
67,254,213,105
67,254,213,231
67,254,213,157
67,254,213,99
67,254,213,164
67,254,213,248
67,254,213,188
67,254,213,190
67,254,213,252
67,254,213,113
67,254,213,163
67,254,213,176
67,254,224,66
67,254,224,56
67,254,224,143
67,254,224,59
67,254,224,44
67,254,224,77
67,254,224,123
67,254,224,242
67,254,224,91
67,254,224,93
67,254,224,244
67,254,224,25
67,254,224,48
67,254,224,220
67,254,224,139
67,254,224,191
67,254,224,223
67,254,224,133
67,254,225,180
67,254,225,94
67,254,225,10
67,254,225,37
67,254,225,65
67,254,225,228
67,254,225,8
67,254,229,124
67,254,229,53
67,254,229,13
67,254,229,205
67,254,229,113
67,254,229,18
67,254,230,8
67,254,241,138
67,254,241,193
67,254,241,97
67,254,241,229
67,254,241,14
67,254,241,209
67,254,241,222
67,254,241,117
67,254,241,104
67,254,241,130
67,254,241,100
67,254,241,53
67,254,241,249
67,254,241,13
67,254,241,187
67,254,241,185
67,254,241,160
67,254,241,133
67,254,241,243
67,254,241,145
67,254,241,35
67,254,241,62
67,254,241,21
67,254,241,164
67,254,241,199
67,254,241,125
67,254,246,67
67,254,246,54
67,254,246,135
67,254,246,12
67,254,246,190
67,254,246,238
67,254,246,102
67,254,246,99
67,254,246,80
67,254,246,56
67,254,246,17
67,254,246,207
67,254,246,112
67,254,246,33
67,254,246,69
67,254,246,110
67,254,246,226
67,254,246,51
67,254,246,60
67,254,246,230
67,254,246,35
67,254,246,83
67,254,246,40
67,254,246,184
67,254,246,3
67,254,246,120
67,254,249,146
67,254,249,179
67,254,249,65
67,254,249,81
67,254,249,138
67,254,249,73
67,254,249,191
67,254,249,213
67,254,249,95
67,254,249,159
67,254,249,107
67,254,249,111
67,254,249,176
67,254,249,253
67,254,249,249
67,254,249,27
67,254,249,118
67,254,249,63
67,254,249,90
67,254,249,79
67,254,249,195
67,254,249,29
67,254,249,122
67,254,249,89
67,254,249,245
67,254,249,41
67,254,249,50
67,254,249,234
67,254,249,49
67,254,252,0
67,254,252,233
67,254,252,31
67,254,252,194
67,254,252,46
67,254,252,230
67,254,252,178
67,254,252,87
67,254,252,101
67,254,252,134
67,254,252,251
67,254,252,53
67,254,252,195
67,254,252,116
67,254,252,78
67,254,252,111
67,254,252,52
67,254,252,168
67,254,252,241
67,254,252,44
67,254,252,81
67,254,252,107
67,254,253,254
67,254,253,62
67,254,253,220
67,254,253,168
67,254,253,111
67,254,253,128
67,254,253,139
67,254,253,95
67,254,253,99
67,254,253,52
67,254,253,86
67,254,253,205
67,254,253,195
67,254,253,132
67,254,253,126
67,254,253,145
67,254,253,13
67,254,253,0
67,254,253,175
67,254,253,88
67,254,253,73
67,254,253,232
67,254,253,176
67,254,253,21
67,254,253,155
67,254,253,186
67,254,253,116
67,254,253,22
67,254,253,61
67,254,254,88
67,254,254,70
67,254,254,153
67,254,254,227
67,254,254,45
67,254,254,37
67,254,254,84
67,254,254,203
67,254,254,245
67,254,254,40
67,254,254,251
67,254,254,28
67,254,254,101
67,254,254,86
67,254,254,135
67,254,254,198
67,254,254,118
67,254,254,41
67,254,254,81
67,254,254,142
67,254,254,57
67,254,254,50
67,254,254,254
67,254,254,6
67,254,254,238
67,254,254,248
67,254,254,105
67,254,254,21
67,254,254,209
67,254,254,222
67,254,254,51
67,254,254,177
67,254,254,96
67,254,254,164
67,254,254,32
67,254,254,137
67,254,254,156
67,254,254,140
68,65,209,110
68,129,1,195
68,129,3,29
68,129,3,122
68,129,3,157
68,129,36,223
68,129,36,176
68,129,36,135
68,129,36,146
68,129,36,80
68,129,36,27
68,129,36,236
68,129,36,233
68,129,36,65
68,129,36,149
68,129,36,109
68,129,36,42
68,129,36,210
68,129,36,170
68,129,39,167
68,129,39,239
68,129,39,128
68,129,39,2
68,129,39,137
68,129,39,40
68,129,48,36
68,129,50,1
68,129,51,47
68,129,63,197
68,129,69,1
68,129,73,134
68,129,73,223
68,129,73,63
68,129,73,189
68,129,73,48
68,129,73,47
68,129,76,225
68,129,76,248
68,129,79,123
68,129,79,98
68,129,80,34
68,129,80,114
68,129,82,146
68,129,82,42
68,129,83,2
68,129,95,57
68,129,120,202
68,129,120,138
68,129,120,186
68,129,120,226
68,129,140,20
68,129,140,94
68,129,140,23
68,129,140,6
68,129,140,43
68,129,140,117
68,129,140,89
68,129,140,65
68,129,140,108
68,129,140,17
68,129,140,102
68,129,143,217
68,129,145,2
68,129,145,162
68,129,155,2
68,129,155,82
68,129,168,233
68,129,168,93
68,129,168,82
68,129,168,42
68,129,168,92
68,129,168,23
68,129,168,191
68,129,168,29
68,129,168,59
68,129,168,224
68,129,168,78
68,129,168,180
68,129,168,99
68,129,168,133
68,129,168,160
68,129,168,8
68,129,168,101
68,129,168,211
68,129,168,156
68,129,168,24
68,129,168,140
68,129,168,109
68,129,168,221
68,129,168,231
68,129,168,168
68,129,168,210
68,129,168,144
68,129,168,128
68,129,168,152
68,129,168,175
68,129,168,48
68,129,168,254
68,129,168,75
68,129,168,125
68,129,168,229
68,129,172,170
68,129,172,50
68,129,174,154
68,129,176,2
68,129,177,233
68,129,177,69
68,129,177,162
68,129,177,232
68,129,177,89
68,129,177,141
68,129,177,28
68,129,177,92
68,129,177,64
68,129,177,36
68,129,177,146
68,129,177,42
68,129,177,38
68,129,179,65
68,129,179,254
68,129,179,71
68,129,179,187
68,129,179,179
68,129,179,85
68,129,179,226
68,129,179,78
68,129,179,92
68,129,179,77
68,129,179,232
68,129,179,138
68,129,179,176
68,129,179,28
68,129,179,107
68,129,179,238
68,129,179,208
68,129,179,217
68,129,179,202
68,129,179,127
68,129,179,26
68,129,179,205
68,129,179,199
68,129,179,90
68,129,179,36
68,129,179,173
68,129,179,39
68,129,179,7
68,129,179,221
68,129,179,23
68,129,179,141
68,129,179,72
68,129,183,218
68,129,183,127
68,129,183,83
68,129,183,41
68,129,183,184
68,129,183,200
68,129,183,234
68,129,183,178
68,129,183,99
68,129,183,188
68,129,183,124
68,129,183,148
68,129,183,105
68,129,183,59
68,129,183,146
68,129,183,162
68,129,183,176
68,129,183,171
68,129,183,8
68,129,183,209
68,129,183,241
68,129,183,38
68,129,183,115
68,129,183,27
68,129,183,226
68,129,183,90
68,129,183,173
68,129,193,63
68,129,193,146
68,129,197,31
68,129,197,89
68,129,197,91
68,129,197,162
68,129,197,111
68,129,197,98
68,129,197,239
68,129,197,240
68,129,197,87
68,129,197,186
68,129,197,191
68,129,197,71
68,129,197,20
68,129,197,119
68,129,197,53
68,129,197,52
68,129,197,155
68,129,197,174
68,129,197,123
68,129,197,10
68,129,197,70
68,129,197,65
68,129,197,49
68,129,197,97
68,129,197,165
68,129,197,241
68,129,197,216
68,129,197,130
68,129,197,246
68,129,197,196
68,129,197,37
68,129,197,72
68,129,197,195
68,129,197,116
68,129,197,229
68,129,197,27
68,129,197,160
68,129,197,213
68,129,197,54
68,129,197,57
68,129,197,189
68,129,197,115
68,129,197,79
68,129,197,46
68,129,197,118
68,129,197,4
68,129,197,78
68,129,198,210
68,129,198,194
68,129,198,100
68,129,198,66
68,129,200,170
68,129,200,252
68,129,200,246
68,129,200,192
68,129,200,228
68,129,200,2
68,129,200,16
68,129,200,226
68,129,200,174
68,129,200,13
68,129,200,109
68,129,201,106
68,129,207,3
68,129,207,6
68,129,207,17
68,129,207,11
68,129,215,26
68,129,215,253
68,129,215,197
68,129,215,142
68,129,215,120
68,129,215,244
68,129,215,224
68,129,215,248
68,129,215,232
68,129,215,90
68,129,215,17
68,129,215,8
68,129,215,252
68,129,215,27
68,129,215,109
68,129,215,144
68,129,215,54
68,129,215,227
68,129,215,92
68,129,215,163
68,129,215,234
68,129,215,50
68,129,215,24
68,129,215,21
68,129,215,140
68,129,215,7
68,129,215,215
68,129,215,10
68,129,215,86
68,129,215,61
68,129,215,150
68,129,215,132
68,129,215,136
68,129,215,157
68,129,215,126
68,129,215,145
68,129,215,74
68,129,216,249
68,129,220,99
68,129,220,82
68,129,221,41
68,129,221,167
68,129,221,31
68,129,221,2
68,129,221,206
68,129,221,39
68,129,221,14
68,129,221,246
68,129,221,154
68,129,221,15
68,129,221,25
68,129,221,168
68,129,221,142
68,129,221,109
68,129,221,29
68,129,221,152
68,129,221,45
68,129,221,186
68,129,221,171
68,129,221,147
68,129,221,250
68,129,221,72
68,129,221,143
68,129,221,128
68,129,221,181
68,129,221,97
68,129,221,105
68,129,221,191
68,129,221,107
68,129,221,196
68,129,221,111
68,129,221,130
68,129,224,86
68,129,224,230
68,129,224,60
68,129,224,131
68,129,224,219
68,129,224,231
68,129,224,223
68,129,224,44
68,129,224,201
68,129,224,67
68,129,224,224
68,129,224,55
68,129,224,42
68,129,224,54
68,129,224,214
68,129,229,23
68,129,229,86
68,129,229,108
68,129,229,46
68,129,229,64
68,129,229,230
68,129,229,225
68,129,229,204
68,129,229,210
68,129,229,242
68,129,229,57
68,129,229,182
68,129,229,17
68,129,229,244
68,129,229,91
68,129,229,228
68,129,229,41
68,129,229,47
68,129,229,29
68,129,229,236
68,129,229,136
68,129,229,149
68,129,229,98
68,129,229,167
68,129,229,211
68,129,229,227
68,129,229,55
68,129,229,100
68,129,229,222
68,129,229,101
68,129,229,92
68,129,230,186
68,129,230,107
68,129,230,195
68,129,230,162
68,129,230,58
68,129,230,11
68,129,230,207
68,129,230,254
68,129,230,21
68,129,230,206
68,129,230,253
68,129,230,132
68,129,230,2
68,129,230,190
68,129,230,168
68,129,230,224
68,129,230,47
68,129,230,227
68,129,230,54
68,129,230,113
68,129,230,108
68,129,230,23
68,129,230,112
68,129,230,181
68,129,230,105
68,129,230,66
68,129,230,232
68,129,230,106
68,129,230,125
68,129,230,240
68,129,233,111
68,129,233,69
68,129,233,82
68,129,233,51
68,129,233,16
68,129,233,242
68,129,233,65
68,129,233,125
68,129,233,59
68,129,233,244
68,129,233,149
68,129,233,83
68,129,233,217
68,129,233,254
68,129,233,228
68,129,233,155
68,129,233,28
68,129,233,42
68,129,233,183
68,129,233,23
68,129,233,122
68,129,233,17
68,129,233,138
68,129,233,215
68,129,233,146
68,129,233,209
68,129,233,124
68,129,233,167
68,129,233,128
68,129,233,119
68,129,233,169
68,129,233,19
68,129,233,153
68,129,233,5
68,129,233,101
68,129,233,116
68,129,233,32
68,129,233,220
68,129,233,197
68,129,233,68
68,129,233,213
68,129,233,147
68,129,236,20
68,129,236,109
68,129,236,105
68,129,236,126
68,129,236,67
68,129,236,184
68,129,236,140
68,129,236,233
68,129,236,18
68,129,236,55
68,129,236,190
68,129,236,183
68,129,236,106
68,129,236,111
68,129,236,218
68,129,236,252
68,129,236,171
68,129,236,124
68,129,236,27
68,129,236,90
68,129,236,196
68,129,236,25
68,129,236,104
68,129,236,185
68,129,236,73
68,129,236,41
68,129,236,224
68,129,236,203
68,129,236,74
68,129,236,215
68,129,236,46
68,129,236,81
68,129,236,205
68,129,236,63
68,129,236,32
68,129,236,232
68,129,236,91
68,129,236,133
68,129,236,229
68,129,236,239
68,129,236,182
68,129,236,72
68,129,236,120
68,129,236,178
68,129,236,131
68,129,236,92
68,129,246,221
68,129,246,158
68,129,246,184
68,129,246,115
68,129,246,209
68,129,246,159
68,129,246,192
68,129,246,70
68,129,246,216
68,129,246,55
68,129,246,243
68,129,246,86
68,129,246,33
68,129,246,20
68,129,246,29
68,129,246,45
68,129,246,36
68,129,246,73
68,129,246,81
68,129,246,91
68,129,246,83
68,129,246,208
68,129,246,50
68,129,246,49
68,129,246,46
68,129,246,186
68,129,246,248
68,129,246,224
68,129,246,138
68,129,246,77
68,129,246,237
68,129,247,178
68,129,247,202
68,129,247,170
68,129,250,159
68,129,250,160
68,129,250,101
68,129,250,121
68,129,250,23
68,129,250,75
68,129,250,243
68,129,250,157
68,129,250,186
68,129,250,44
68,129,250,19
68,129,250,129
68,129,250,145
68,129,250,246
68,129,250,90
68,129,250,146
68,129,250,173
68,129,250,183
68,129,250,78
68,129,250,153
68,129,250,228
68,129,250,102
68,129,250,188
68,129,250,27
68,129,250,225
68,129,250,211
68,129,250,56
68,129,250,216
68,129,250,88
68,129,250,57
68,129,250,241
68,129,250,100
68,129,250,108
68,132,8,41
68,132,8,10
68,132,8,20
68,132,8,128
68,132,8,7
68,132,8,252
68,132,8,161
68,132,8,91
68,132,8,40
68,132,8,176
68,132,8,190
68,132,8,132
68,132,8,225
68,132,8,63
68,132,8,217
68,132,8,210
68,132,8,221
68,132,8,213
68,132,8,108
68,132,8,177
68,132,8,127
68,132,8,147
68,132,8,60
68,132,8,110
68,132,9,105
68,132,9,47
68,132,9,97
68,132,9,137
68,132,9,65
68,132,9,186
68,132,9,254
68,132,9,216
68,132,9,248
68,132,9,198
68,132,9,112
68,132,9,242
68,132,9,61
68,132,9,195
68,132,9,142
68,132,9,7
68,132,9,84
68,132,9,230
68,132,9,208
68,132,9,54
68,132,9,218
68,132,9,93
68,132,9,80
68,132,9,153
68,132,9,39
68,132,9,113
68,132,9,33
68,132,14,172
68,132,14,98
68,132,14,88
68,132,14,29
68,132,14,197
68,132,14,209
68,132,14,200
68,132,14,238
68,132,14,154
68,132,14,48
68,132,14,96
68,132,14,53
68,132,14,61
68,132,14,168
68,132,14,87
68,132,14,19
68,132,14,37
68,132,14,207
68,132,14,23
68,132,14,85
68,132,14,24
68,132,14,73
68,132,14,211
68,132,14,245
68,132,14,169
68,132,14,187
68,132,14,125
68,132,14,146
68,132,14,76
68,132,14,163
68,132,14,39
68,132,14,144
68,132,14,25
68,132,14,115
68,132,16,68
68,132,16,119
68,132,16,143
68,132,16,16
68,132,16,224
68,132,16,165
68,132,16,215
68,132,16,116
68,132,16,11
68,132,16,147
68,132,16,61
68,132,16,251
68,132,16,131
68,132,16,49
68,132,16,96
68,132,16,245
68,132,16,72
68,132,16,43
68,132,16,153
68,132,16,132
68,132,16,243
68,132,16,41
68,132,16,30
68,132,16,97
68,132,17,230
68,132,19,34
68,132,19,156
68,132,19,47
68,132,19,122
68,132,19,71
68,132,19,121
68,132,19,19
68,132,19,114
68,132,19,29
68,132,19,33
68,132,19,125
68,132,19,196
68,132,19,119
68,132,19,237
68,132,19,48
68,132,19,116
68,132,19,127
68,132,19,234
68,132,19,189
68,132,19,18
68,132,19,163
68,132,19,205
68,132,19,96
68,132,19,39
68,132,19,72
68,132,19,246
68,132,19,160
68,132,19,78
68,132,19,73
68,132,19,115
68,132,20,61
68,132,20,34
68,132,20,93
68,132,20,147
68,132,20,136
68,132,20,46
68,132,20,149
68,132,20,162
68,132,20,82
68,132,20,142
68,132,20,44
68,132,20,97
68,132,20,199
68,132,20,172
68,132,20,95
68,132,20,48
68,132,20,19
68,132,20,29
68,132,20,165
68,132,20,84
68,132,20,106
68,132,20,135
68,132,20,244
68,132,20,36
68,132,20,228
68,132,20,127
68,132,20,241
68,132,20,160
68,132,20,104
68,132,20,37
68,132,20,167
68,132,20,175
68,132,20,58
68,132,20,219
68,132,21,9
68,132,21,161
68,132,21,3
68,132,21,61
68,132,21,202
68,132,21,44
68,132,21,229
68,132,21,163
68,132,21,135
68,132,21,172
68,132,21,194
68,132,21,145
68,132,21,107
68,132,21,97
68,132,21,85
68,132,21,176
68,132,21,206
68,132,21,241
68,132,21,248
68,132,21,72
68,132,21,7
68,132,21,205
68,132,21,125
68,132,21,252
68,132,21,52
68,132,21,105
68,132,21,22
68,132,21,199
68,132,22,28
68,132,22,26
68,132,22,188
68,132,22,242
68,132,22,204
68,132,22,13
68,132,22,216
68,132,22,217
68,132,22,55
68,132,22,219
68,132,22,205
68,132,22,220
68,132,22,3
68,132,22,56
68,132,22,88
68,132,22,157
68,132,22,213
68,132,22,253
68,132,22,129
68,132,22,27
68,132,22,61
68,132,22,33
68,132,22,111
68,132,23,169
68,132,23,28
68,132,23,26
68,132,23,12
68,132,23,187
68,132,23,54
68,132,23,59
68,132,23,205
68,132,23,76
68,132,23,22
68,132,23,237
68,132,23,209
68,132,23,242
68,132,23,176
68,132,23,113
68,132,23,52
68,132,23,174
68,132,23,67
68,132,23,183
68,132,23,72
68,132,23,18
68,132,23,43
68,132,23,152
68,132,23,27
68,132,23,77
68,132,23,228
68,132,23,88
68,132,23,46
68,132,23,98
68,132,23,55
68,132,23,246
68,132,24,216
68,132,24,20
68,132,24,194
68,132,24,16
68,132,24,169
68,132,24,241
68,132,24,199
68,132,24,4
68,132,24,100
68,132,24,114
68,132,24,113
68,132,24,142
68,132,24,99
68,132,24,106
68,132,24,55
68,132,24,5
68,132,24,86
68,132,24,126
68,132,24,247
68,132,24,60
68,132,24,61
68,132,24,225
68,132,24,78
68,132,24,244
68,132,24,44
68,132,24,85
68,132,24,254
68,132,24,41
68,132,26,195
68,132,26,96
68,132,26,236
68,132,26,229
68,132,26,144
68,132,26,170
68,132,26,226
68,132,26,228
68,132,26,189
68,132,26,117
68,132,26,202
68,132,26,36
68,132,26,19
68,132,26,134
68,132,26,203
68,132,26,100
68,132,26,49
68,132,26,159
68,132,26,45
68,132,26,220
68,132,26,67
68,132,26,4
68,132,26,51
68,132,26,250
68,132,26,185
68,132,28,139
68,132,28,203
68,132,28,63
68,132,28,60
68,132,28,159
68,132,28,128
68,132,28,220
68,132,28,96
68,132,28,7
68,132,28,232
68,132,28,56
68,132,28,132
68,132,28,212
68,132,28,205
68,132,28,20
68,132,28,189
68,132,28,240
68,132,28,179
68,132,28,195
68,132,28,98
68,132,28,223
68,132,28,39
68,132,28,230
68,132,28,227
68,132,28,112
68,132,28,153
68,132,28,99
68,132,30,1
68,132,31,141
68,132,32,143
68,132,32,187
68,132,32,12
68,132,32,244
68,132,32,156
68,132,32,32
68,132,32,223
68,132,32,163
68,132,32,153
68,132,32,236
68,132,32,46
68,132,32,13
68,132,32,186
68,132,32,11
68,132,32,195
68,132,32,54
68,132,32,28
68,132,32,93
68,132,32,58
68,132,32,235
68,132,32,188
68,132,32,138
68,132,32,230
68,132,32,86
68,132,32,25
68,132,32,111
68,132,33,107
68,132,33,198
68,132,33,192
68,132,33,58
68,132,33,27
68,132,33,226
68,132,33,233
68,132,33,29
68,132,33,177
68,132,33,120
68,132,33,31
68,132,33,26
68,132,33,196
68,132,33,163
68,132,33,78
68,132,33,61
68,132,33,42
68,132,33,37
68,132,33,88
68,132,33,235
68,132,33,38
68,132,33,104
68,132,89,1
68,132,92,186
68,132,92,106
68,132,92,170
68,132,93,226
68,132,93,242
68,132,131,3
68,132,131,227
68,132,131,123
68,132,131,238
68,132,131,131
68,132,131,217
68,132,131,73
68,132,131,106
68,132,131,162
68,132,131,202
68,132,131,7
68,132,131,199
68,132,131,104
68,132,131,102
68,132,131,193
68,132,131,114
68,132,131,205
68,132,131,218
68,132,131,10
68,132,131,68
68,132,131,33
68,132,131,233
68,132,131,40
68,132,136,138
68,132,136,37
68,132,136,198
68,132,136,141
68,132,136,97
68,132,136,48
68,132,136,27
68,132,136,224
68,132,136,170
68,132,136,6
68,132,136,33
68,132,136,252
68,132,136,67
68,132,136,83
68,132,136,223
68,132,136,242
68,132,136,247
68,132,136,230
68,132,139,66
68,132,139,130
68,132,139,202
68,132,139,138
68,132,139,190
68,132,139,2
68,132,140,50
68,132,140,82
68,132,142,77
68,132,142,63
68,132,142,251
68,132,147,137
68,132,148,241
68,132,149,186
68,132,149,223
68,132,154,72
68,132,154,37
68,132,154,8
68,132,154,5
68,132,154,18
68,132,156,98
68,132,156,194
68,132,156,210
68,132,156,186
68,132,156,42
68,132,156,114
68,132,158,236
68,132,158,90
68,132,158,82
68,132,160,26
68,132,160,138
68,132,167,1
68,132,169,254
68,132,169,184
68,132,169,219
68,132,169,65
68,132,169,24
68,132,173,251
68,132,173,124
68,132,173,159
68,132,173,228
68,132,173,156
68,132,173,185
68,132,177,192
68,132,177,7
68,132,177,102
68,132,177,119
68,132,177,193
68,132,178,167
68,132,185,251
68,132,185,91
68,132,185,45
68,132,186,182
68,132,186,230
68,132,186,124
68,132,187,79
68,132,187,66
68,132,187,251
68,132,187,57
68,132,187,195
68,132,187,194
68,132,187,132
68,132,187,172
68,132,187,62
68,132,187,149
68,132,187,245
68,132,187,55
68,132,187,32
68,132,187,103
68,132,187,234
68,132,187,48
68,132,187,95
68,132,187,143
68,132,187,54
68,132,187,100
68,132,187,50
68,132,187,227
68,132,187,199
68,132,187,23
68,132,187,249
68,132,187,123
68,132,214,186
68,132,217,138
68,132,222,195
68,132,223,206
68,132,223,147
68,132,223,242
68,132,223,127
68,132,223,211
68,132,223,220
68,132,223,115
68,132,223,227
68,132,223,250
68,132,223,54
68,132,223,5
68,132,226,31
68,132,226,106
68,132,226,61
68,132,226,26
68,132,226,36
68,132,226,29
68,132,226,3
68,132,226,2
68,132,226,34
68,132,226,19
68,132,226,28
68,132,226,157
68,132,226,188
68,132,226,33
68,132,226,32
68,132,226,149
68,132,226,116
68,132,226,189
68,132,226,81
68,132,226,148
68,132,226,174
68,132,226,48
68,132,229,105
68,132,229,5
68,132,229,47
68,132,229,90
68,132,229,242
68,132,229,197
68,132,229,163
68,132,229,99
68,132,229,240
68,132,229,244
68,132,229,58
68,132,229,81
68,132,229,108
68,132,229,83
68,132,229,89
68,132,229,149
68,132,229,213
68,132,229,221
68,132,229,4
68,132,229,147
68,132,229,212
68,132,229,192
68,132,229,145
68,132,229,137
68,132,229,253
68,132,229,73
68,132,229,9
68,132,229,44
68,132,229,188
68,132,229,74
68,132,233,195
68,132,233,177
68,132,233,210
68,132,233,190
68,132,233,238
68,132,233,16
68,132,233,5
68,132,233,51
68,132,233,223
68,132,233,138
68,132,233,19
68,132,233,87
68,132,233,180
68,132,233,46
68,132,233,150
68,132,233,200
68,132,233,234
68,132,233,235
68,132,233,147
68,132,233,83
68,132,233,248
68,132,233,229
68,132,233,24
68,132,233,232
68,132,233,215
68,132,233,165
68,132,234,154
68,132,234,241
68,132,234,4
68,132,234,68
68,132,234,245
68,132,234,116
68,132,234,115
68,132,234,42
68,132,234,130
68,132,234,16
68,132,234,53
68,132,234,150
68,132,234,217
68,132,234,44
68,132,234,110
68,132,234,234
68,132,234,59
68,132,234,77
68,132,234,108
68,132,234,97
68,132,234,221
68,132,234,186
68,132,234,224
68,132,234,26
68,132,234,24
68,132,234,102
68,132,234,187
68,132,234,198
68,132,234,123
68,132,234,239
68,132,234,112
68,132,235,148
68,132,235,172
68,132,235,41
68,132,235,89
68,132,235,66
68,132,235,27
68,132,235,140
68,132,235,132
68,132,235,146
68,132,235,72
68,132,235,31
68,132,235,151
68,132,235,106
68,132,235,227
68,132,235,71
68,132,235,15
68,132,235,19
68,132,235,105
68,132,235,107
68,132,235,69
68,132,235,239
68,132,235,159
68,132,235,50
68,132,240,67
68,132,240,135
68,132,240,202
68,132,240,177
68,132,240,183
68,132,240,235
68,132,240,10
68,132,240,81
68,132,240,151
68,132,240,176
68,132,240,212
68,132,240,39
68,132,240,173
68,132,240,251
68,132,240,131
68,132,240,22
68,132,240,132
68,132,240,83
68,132,240,58
68,132,240,227
68,132,240,6
68,132,241,117
68,132,241,86
68,132,241,196
68,132,241,237
68,132,241,54
68,132,241,249
68,132,241,127
68,132,241,244
68,132,241,95
68,132,241,60
68,132,241,204
68,132,241,62
68,132,241,58
68,132,241,138
68,132,241,243
68,132,241,89
68,132,241,99
68,132,241,225
68,132,241,115
68,132,241,118
68,132,241,39
68,132,243,236
68,132,243,131
68,132,243,73
68,132,243,81
68,132,243,132
68,132,243,108
68,132,243,203
68,132,243,212
68,132,243,36
68,132,243,143
68,132,243,11
68,132,243,184
68,132,243,44
68,132,243,174
68,132,243,237
68,132,243,224
68,132,243,151
68,132,243,194
68,132,243,38
68,132,243,218
68,132,243,110
68,132,243,116
68,132,243,226
68,132,243,190
68,132,245,233
68,132,245,237
68,132,245,102
68,132,245,106
68,132,245,42
68,132,245,198
68,132,245,91
68,132,245,219
68,132,245,234
68,132,245,134
68,132,245,164
68,132,245,197
68,132,245,56
68,132,245,20
68,132,245,36
68,132,245,173
68,132,245,199
68,132,245,111
68,132,245,147
68,132,245,61
68,132,245,83
68,132,245,107
68,132,245,47
68,132,245,50
68,132,245,79
68,132,245,63
68,132,245,132
68,132,245,90
68,132,245,110
68,132,245,186
68,132,245,229
68,132,245,158
68,132,245,139
68,132,245,159
68,132,245,246
68,132,245,35
68,132,245,10
68,132,246,114
68,132,248,118
68,132,250,114
68,161,213,240
68,161,215,80
68,161,217,168
68,161,223,167
68,161,226,254
68,161,238,0
68,161,242,174
68,161,247,174
68,166,199,246
68,166,200,30
68,167,247,198
68,173,33,104
68,173,33,87
68,173,33,64
68,173,33,229
68,173,33,27
68,173,33,16
68,173,33,90
68,173,33,240
68,173,33,77
68,173,33,40
68,173,33,140
68,173,33,112
68,173,33,194
68,173,33,96
68,173,36,201
68,173,36,250
68,173,36,185
68,173,36,118
68,173,36,64
68,173,36,226
68,173,36,158
68,173,36,240
68,173,36,62
68,173,36,202
68,173,36,34
68,173,36,237
68,173,36,244
68,173,36,218
68,173,36,59
68,173,36,151
68,173,36,156
68,173,36,3
68,173,36,10
68,173,36,189
68,173,36,31
68,173,37,219
68,173,37,38
68,173,37,197
68,173,37,171
68,173,37,121
68,173,37,103
68,173,37,40
68,173,37,187
68,173,37,175
68,173,37,84
68,173,37,2
68,173,37,205
68,173,44,205
68,173,44,255
68,173,44,88
68,173,44,39
68,173,44,95
68,173,44,123
68,173,44,185
68,173,44,120
68,173,44,206
68,173,44,138
68,173,60,109
68,173,60,199
68,173,60,133
68,173,60,240
68,173,60,185
68,173,60,227
68,173,60,168
68,173,60,55
68,173,60,183
68,173,60,170
68,173,60,245
68,173,60,145
68,173,60,244
68,173,60,141
68,173,60,124
68,173,60,175
68,173,60,80
68,173,60,72
68,173,60,86
68,173,60,116
68,173,60,114
68,173,60,118
68,173,60,7
68,173,60,128
68,173,76,255
68,173,76,21
68,173,76,192
68,173,76,172
68,173,76,211
68,173,76,149
68,173,76,14
68,173,76,38
68,173,76,39
68,173,76,22
68,173,76,119
68,173,76,154
68,173,76,147
68,173,76,166
68,173,76,82
68,173,76,29
68,173,76,143
68,173,76,117
68,173,76,75
68,173,76,182
68,173,76,200
68,173,77,231
68,173,77,0
68,173,77,118
68,173,77,249
68,173,77,168
68,173,77,192
68,173,77,96
68,173,77,148
68,173,77,178
68,173,77,20
68,173,77,108
68,173,77,166
68,173,77,105
68,173,77,35
68,173,77,143
68,173,77,120
68,173,77,147
68,173,77,68
68,173,77,19
68,173,79,63
68,173,79,41
68,173,79,72
68,173,79,237
68,173,79,253
68,173,79,125
68,173,79,103
68,173,79,207
68,173,79,100
68,173,79,178
68,173,109,82
68,173,109,131
68,173,109,88
68,173,109,138
68,173,109,181
68,173,109,240
68,173,109,84
68,173,109,54
68,173,109,248
68,173,109,215
68,173,109,136
68,173,109,97
68,173,109,194
68,173,109,142
68,173,109,65
68,173,110,91
68,173,110,10
68,173,110,245
68,173,110,171
68,173,110,4
68,173,110,9
68,173,111,158
68,173,111,147
68,173,111,124
68,173,111,37
68,173,111,10
68,173,144,163
68,173,144,8
68,173,144,16
68,173,144,156
68,173,144,74
68,173,144,56
68,173,144,92
68,173,144,113
68,173,144,39
68,173,144,21
68,173,144,119
68,173,144,99
68,173,144,221
68,173,144,86
68,173,144,15
68,173,149,89
68,173,149,231
68,173,149,136
68,173,149,202
68,173,149,35
68,173,149,165
68,173,149,179
68,173,149,158
68,173,149,239
68,173,149,142
68,173,149,55
68,173,149,175
68,173,149,153
68,173,149,37
68,173,149,140
68,173,149,79
68,173,149,124
68,173,149,171
68,173,149,230
68,173,149,18
68,173,149,226
68,173,149,157
68,173,149,78
68,173,149,154
68,173,149,149
68,173,149,72
68,173,151,28
68,173,151,217
68,173,151,80
68,173,151,111
68,173,151,114
68,173,151,110
68,173,151,207
68,173,151,156
68,173,151,155
68,173,151,1
68,173,151,66
68,173,151,4
68,173,151,25
68,173,155,41
68,173,155,15
68,173,155,57
68,173,155,255
68,173,155,154
68,173,155,105
68,173,155,61
68,173,155,26
68,173,155,176
68,173,155,135
68,173,155,46
68,173,155,181
68,173,155,65
68,173,155,47
68,173,155,69
68,173,155,175
68,173,155,250
68,173,155,72
68,173,155,172
68,173,176,252
68,173,176,251
68,173,176,248
68,173,176,243
68,173,176,241
68,173,176,222
68,173,176,218
68,173,176,216
68,173,176,211
68,173,176,204
68,173,176,191
68,173,176,186
68,173,176,170
68,173,176,167
68,173,176,145
68,173,176,130
68,173,176,127
68,173,176,126
68,173,176,124
68,173,176,116
68,173,176,104
68,173,176,100
68,173,176,99
68,173,176,95
68,173,176,94
68,173,176,80
68,173,176,61
68,173,176,57
68,173,176,51
68,173,176,42
68,173,176,35
68,173,176,28
68,173,176,16
68,173,176,12
68,173,176,3
68,173,177,253
68,173,177,150
68,173,177,244
68,173,177,0
68,173,177,113
68,173,177,151
68,173,177,56
68,173,177,66
68,173,177,61
68,173,177,82
68,173,177,119
68,173,177,147
68,173,177,255
68,173,177,78
68,173,177,42
68,173,177,215
68,173,177,26
68,173,177,97
68,173,177,21
68,173,177,38
68,173,177,54
68,173,177,9
68,173,177,204
68,173,177,86
68,173,177,136
68,173,177,154
68,173,177,142
68,173,177,174
68,173,177,30
68,173,177,17
68,173,177,144
68,173,177,116
68,173,177,1
68,173,177,89
68,173,177,127
68,173,177,246
68,173,180,129
68,173,180,79
68,173,180,128
68,173,180,158
68,173,180,206
68,173,180,50
68,173,180,26
68,173,180,137
68,173,180,130
68,173,180,252
68,173,180,222
68,173,180,59
68,173,180,65
68,173,180,91
68,173,180,28
68,173,180,241
68,173,180,135
68,173,180,235
68,173,180,63
68,173,180,71
68,173,180,85
68,173,180,106
68,173,180,82
68,173,180,1
68,173,180,194
68,173,180,204
68,173,181,253
68,173,181,154
68,173,181,69
68,173,181,202
68,173,181,72
68,173,181,82
68,173,181,219
68,173,181,110
68,173,181,57
68,173,181,167
68,173,181,22
68,173,181,93
68,173,181,240
68,173,181,13
68,173,181,67
68,173,181,156
68,173,181,145
68,173,181,249
68,173,181,121
68,173,181,88
68,173,181,144
68,173,181,51
68,173,181,150
68,173,181,50
68,173,181,227
68,173,182,5
68,173,182,149
68,173,182,99
68,173,182,171
68,173,182,82
68,173,182,119
68,173,182,195
68,173,182,253
68,173,182,172
68,173,182,237
68,173,182,176
68,173,182,1
68,173,182,249
68,173,182,140
68,173,182,229
68,173,182,215
68,173,182,36
68,173,182,90
68,173,182,110
68,173,182,227
68,173,182,49
68,173,182,64
68,173,182,212
68,173,182,53
68,173,182,86
68,173,182,56
68,173,186,160
68,173,186,71
68,173,186,90
68,173,186,205
68,173,186,142
68,173,186,189
68,173,186,125
68,173,186,46
68,173,186,5
68,173,186,96
68,173,186,144
68,173,186,173
68,173,186,222
68,173,186,34
68,173,186,4
68,173,186,12
68,173,186,47
68,173,186,106
68,173,186,48
68,173,186,236
68,173,186,191
68,173,186,234
68,173,188,3
68,173,188,231
68,173,188,168
68,173,188,59
68,173,188,158
68,173,188,58
68,173,188,188
68,173,188,206
68,173,188,65
68,173,188,46
68,173,188,88
68,173,188,41
68,173,188,98
68,173,188,151
68,173,188,161
68,173,188,132
68,173,188,201
68,173,188,33
68,173,188,142
68,173,188,167
68,173,188,113
68,173,188,248
68,173,188,117
68,173,190,5
68,173,190,54
68,173,190,246
68,173,190,238
68,173,190,24
68,173,190,239
68,173,190,8
68,173,190,174
68,173,190,132
68,173,190,212
68,173,190,13
68,173,190,107
68,173,190,92
68,173,190,88
68,173,190,72
68,173,190,148
68,173,190,63
68,173,190,121
68,173,190,26
68,173,190,200
68,173,190,44
68,173,190,222
68,173,225,50
68,173,225,53
68,173,225,44
68,173,225,175
68,173,225,213
68,173,225,224
68,173,225,160
68,173,225,68
68,173,225,230
68,173,225,153
68,173,225,135
68,173,225,197
68,173,225,178
68,173,225,93
68,173,225,113
68,173,225,169
68,173,225,172
68,173,225,57
68,173,225,31
68,173,226,15
68,173,226,124
68,173,226,44
68,173,226,45
68,173,226,51
68,173,226,122
68,173,230,17
68,173,230,0
68,174,1,154
68,174,1,251
68,174,1,91
68,174,1,2
68,174,1,246
68,174,1,52
68,174,1,45
68,174,1,168
68,174,1,80
68,174,1,218
68,174,1,152
68,174,1,69
68,174,1,108
68,174,1,185
68,174,1,77
68,174,1,241
68,174,1,183
68,174,1,28
68,174,1,53
68,174,1,198
68,174,1,123
68,174,1,223
68,174,1,165
68,174,1,50
68,174,1,109
68,174,1,197
68,174,3,248
68,174,3,247
68,174,3,232
68,174,3,213
68,174,3,212
68,174,3,206
68,174,3,201
68,174,3,197
68,174,3,166
68,174,3,155
68,174,3,136
68,174,3,119
68,174,3,81
68,174,3,77
68,174,3,73
68,174,3,71
68,174,3,61
68,174,3,38
68,174,3,30
68,174,3,8
68,174,3,1
68,174,6,12
68,174,6,159
68,174,6,137
68,174,6,183
68,174,6,54
68,174,6,70
68,174,6,131
68,174,6,184
68,174,6,217
68,174,6,69
68,174,6,59
68,174,6,76
68,174,6,144
68,174,6,216
68,174,6,6
68,174,6,158
68,174,6,241
68,174,6,182
68,174,6,129
68,174,6,125
68,174,6,156
68,174,6,7
68,174,6,44
68,174,7,74
68,174,7,117
68,174,7,133
68,174,7,95
68,174,7,2
68,174,7,159
68,174,7,43
68,174,7,161
68,174,7,135
68,174,7,172
68,174,7,21
68,174,7,42
68,174,7,212
68,174,7,229
68,174,7,89
68,174,7,219
68,174,7,59
68,174,7,125
68,174,7,246
68,174,7,20
68,174,7,183
68,174,7,194
68,174,7,196
68,174,7,242
68,174,7,38
68,174,12,213
68,174,12,184
68,174,12,107
68,174,12,45
68,174,12,129
68,174,12,97
68,174,12,194
68,174,12,198
68,174,12,183
68,174,12,62
68,174,12,180
68,174,12,144
68,174,12,227
68,174,12,48
68,174,12,127
68,174,12,98
68,174,12,95
68,174,12,165
68,174,12,78
68,174,12,226
68,174,12,113
68,174,12,222
68,174,12,153
68,174,12,151
68,174,12,245
68,174,12,249
68,174,12,54
68,174,12,9
68,174,12,174
68,174,12,83
68,174,12,8
68,174,12,119
68,174,12,162
68,174,12,41
68,174,13,170
68,174,13,246
68,174,13,87
68,174,13,9
68,174,13,11
68,174,13,57
68,174,13,22
68,174,13,247
68,174,13,211
68,174,13,243
68,174,13,167
68,174,13,127
68,174,13,81
68,174,13,55
68,174,13,171
68,174,13,17
68,174,13,10
68,174,13,159
68,174,13,34
68,174,13,101
68,174,13,5
68,174,13,203
68,174,13,251
68,174,13,124
68,174,13,202
68,174,13,223
68,174,14,245
68,174,14,76
68,174,14,237
68,174,14,36
68,174,14,157
68,174,14,159
68,174,14,126
68,174,14,113
68,174,14,242
68,174,14,120
68,174,14,13
68,174,14,86
68,174,14,12
68,174,14,137
68,174,14,219
68,174,14,71
68,174,14,125
68,174,14,218
68,174,14,34
68,174,14,251
68,174,14,176
68,174,14,87
68,174,14,149
68,174,14,80
68,174,14,146
68,174,14,178
68,174,14,111
68,174,14,39
68,174,14,67
68,174,14,115
68,174,14,56
68,174,93,111
68,174,120,52
68,174,120,82
68,174,120,254
68,174,120,219
68,174,120,85
68,174,120,208
68,174,120,213
68,174,120,54
68,174,120,194
68,174,120,131
68,174,120,9
68,174,120,248
68,174,120,130
68,174,122,108
68,174,122,10
68,174,122,122
68,174,122,48
68,174,122,49
68,174,122,111
68,174,122,164
68,174,122,78
68,174,122,139
68,174,122,153
68,174,123,216
68,174,129,139
68,174,129,56
68,174,129,32
68,174,129,21
68,174,129,194
68,174,129,105
68,174,129,168
68,174,129,67
68,174,129,162
68,174,129,249
68,174,129,141
68,174,129,92
68,174,129,77
68,174,129,224
68,174,129,229
68,174,129,150
68,174,129,8
68,174,129,5
68,174,129,223
68,174,129,158
68,174,129,54
68,174,129,248
68,174,129,115
68,174,129,70
68,174,129,22
68,174,129,106
68,174,129,133
68,174,129,198
68,174,129,118
68,174,132,255
68,174,132,249
68,174,132,248
68,174,132,244
68,174,132,241
68,174,132,234
68,174,132,230
68,174,132,228
68,174,132,226
68,174,132,225
68,174,132,224
68,174,132,221
68,174,132,220
68,174,132,210
68,174,132,197
68,174,132,194
68,174,132,188
68,174,132,178
68,174,132,167
68,174,132,156
68,174,132,152
68,174,132,137
68,174,132,134
68,174,132,126
68,174,132,119
68,174,132,115
68,174,132,102
68,174,132,91
68,174,132,74
68,174,132,71
68,174,132,70
68,174,132,64
68,174,132,61
68,174,132,47
68,174,132,43
68,174,132,36
68,174,132,34
68,174,132,15
68,174,132,10
68,174,132,8
68,174,132,7
68,174,132,0
68,174,133,255
68,174,133,252
68,174,133,251
68,174,133,213
68,174,133,211
68,174,133,209
68,174,133,206
68,174,133,203
68,174,133,201
68,174,133,198
68,174,133,179
68,174,133,176
68,174,133,173
68,174,133,172
68,174,133,167
68,174,133,158
68,174,133,140
68,174,133,126
68,174,133,123
68,174,133,121
68,174,133,113
68,174,133,111
68,174,133,88
68,174,133,80
68,174,133,79
68,174,133,66
68,174,133,33
68,174,133,32
68,174,133,31
68,174,133,8
68,174,133,0
68,174,135,190
68,174,135,240
68,174,135,64
68,174,135,100
68,174,135,157
68,174,135,250
68,174,135,114
68,174,135,101
68,174,135,194
68,174,135,234
68,174,135,247
68,174,135,72
68,174,135,204
68,174,135,21
68,174,135,177
68,174,135,149
68,174,135,33
68,174,135,158
68,174,135,40
68,174,135,129
68,174,135,169
68,174,135,108
68,174,135,56
68,174,135,24
68,174,135,131
68,174,135,90
68,174,135,152
68,174,135,179
68,174,135,62
68,174,135,216
68,174,135,184
68,174,135,26
68,174,135,8
68,174,135,76
68,174,135,25
68,174,136,249
68,174,136,246
68,174,136,245
68,174,136,222
68,174,136,215
68,174,136,211
68,174,136,196
68,174,136,190
68,174,136,179
68,174,136,171
68,174,136,167
68,174,136,157
68,174,136,128
68,174,136,127
68,174,136,123
68,174,136,120
68,174,136,115
68,174,136,106
68,174,136,94
68,174,136,86
68,174,136,85
68,174,136,82
68,174,136,81
68,174,136,77
68,174,136,67
68,174,136,41
68,174,136,31
68,174,136,27
68,174,136,22
68,174,136,18
68,174,136,4
68,174,136,0
68,174,137,240
68,174,137,238
68,174,137,234
68,174,137,220
68,174,137,199
68,174,137,196
68,174,137,192
68,174,137,187
68,174,137,175
68,174,137,174
68,174,137,171
68,174,137,153
68,174,137,142
68,174,137,140
68,174,137,129
68,174,137,126
68,174,137,107
68,174,137,98
68,174,137,91
68,174,137,81
68,174,137,55
68,174,137,44
68,174,137,41
68,174,137,39
68,174,137,35
68,174,137,26
68,174,137,25
68,174,137,23
68,174,137,18
68,174,137,15
68,174,137,7
68,174,137,3
68,174,139,247
68,174,139,233
68,174,139,230
68,174,139,224
68,174,139,161
68,174,139,155
68,174,139,145
68,174,139,138
68,174,139,97
68,174,139,95
68,174,139,94
68,174,139,92
68,174,139,64
68,174,139,61
68,174,139,57
68,174,139,50
68,174,139,48
68,174,139,45
68,174,139,43
68,174,139,37
68,174,139,34
68,174,139,14
68,174,139,4
68,174,139,3
68,174,152,31
68,174,153,209
68,174,153,104
68,174,153,11
68,174,153,135
68,174,153,41
68,174,153,98
68,174,153,5
68,174,153,144
68,174,153,247
68,174,153,50
68,174,153,12
68,174,153,42
68,174,153,13
68,174,153,242
68,174,153,70
68,174,153,25
68,174,153,202
68,174,153,60
68,174,153,190
68,174,153,146
68,174,153,253
68,174,153,89
68,174,153,7
68,174,153,201
68,174,154,178
68,174,154,165
68,174,154,220
68,174,154,114
68,174,154,62
68,174,154,218
68,174,154,113
68,174,154,126
68,174,154,158
68,174,154,96
68,174,154,28
68,174,154,61
68,174,154,48
68,174,154,194
68,174,155,23
68,174,155,149
68,174,155,159
68,174,155,9
68,174,155,83
68,174,168,228
68,174,168,225
68,174,168,186
68,174,168,183
68,174,168,159
68,174,168,136
68,174,168,123
68,174,168,114
68,174,168,106
68,174,168,104
68,174,168,94
68,174,168,61
68,174,168,60
68,174,168,55
68,174,168,33
68,174,168,32
68,174,168,27
68,174,168,15
68,174,168,7
68,174,171,48
68,174,171,13
68,174,171,41
68,174,171,252
68,174,171,33
68,174,171,20
68,174,171,30
68,174,175,250
68,174,175,184
68,174,237,31
68,174,237,134
68,174,237,17
68,174,237,52
68,174,237,254
68,174,237,130
68,174,237,68
68,174,237,44
68,174,237,202
68,174,237,16
68,174,237,151
68,174,237,164
68,174,237,136
68,174,237,113
68,174,237,250
68,174,237,199
68,174,237,106
68,174,237,4
68,174,237,229
68,174,237,122
68,174,237,222
68,174,237,152
68,174,237,211
68,174,237,69
68,174,237,241
68,174,237,110
68,174,237,105
68,174,237,215
68,174,237,193
68,174,237,104
68,174,237,76
68,174,237,143
68,174,237,140
68,174,237,111
68,174,237,114
68,174,237,129
68,174,237,171
68,174,237,160
68,174,237,127
68,174,237,128
68,174,238,84
68,174,238,117
68,174,238,23
68,174,238,20
68,174,238,162
68,174,238,77
68,174,238,44
68,174,238,62
68,174,238,163
68,174,238,16
68,174,238,126
68,174,238,99
68,174,238,30
68,174,238,180
68,174,238,119
68,174,238,185
68,174,238,19
68,174,238,227
68,174,238,28
68,174,238,2
68,174,238,169
68,174,238,130
68,174,238,1
68,174,238,156
68,174,238,52
68,174,238,67
68,174,238,112
68,174,238,207
68,174,238,166
68,174,238,91
68,174,238,116
68,175,1,144
68,175,1,233
68,175,1,73
68,175,1,127
68,175,1,175
68,175,1,167
68,175,1,217
68,175,1,206
68,175,1,218
68,175,1,1
68,175,1,51
68,175,1,110
68,175,1,39
68,175,1,132
68,175,1,94
68,175,1,251
68,175,1,152
68,175,1,243
68,175,1,6
68,175,1,56
68,175,1,42
68,175,1,49
68,175,1,202
68,175,5,221
68,175,5,14
68,175,5,187
68,175,5,2
68,175,5,192
68,175,5,149
68,175,5,82
68,175,5,220
68,175,5,238
68,175,5,222
68,175,5,61
68,175,5,226
68,175,5,99
68,175,5,85
68,175,5,136
68,175,7,25
